expr,weights,python
"[Term Tanh (fromList [(24,-1)]),Term Cos (fromList [(23,1)]),Term Tanh (fromList [(10,-3),(16,-3),(19,1),(21,1),(22,1)]),Term Log (fromList [(11,3),(12,3),(15,-2),(24,2)]),Term SqrtAbs (fromList [(22,1),(24,-2)]),Term SqrtAbs (fromList [(0,2),(2,-3),(5,-1),(12,2),(13,2),(14,-2),(23,2),(24,-1)]),Term Log (fromList [(2,-1),(5,-1),(12,2),(22,1),(24,1)]),Term Log (fromList [(0,-2),(2,-1),(5,-1),(12,-1),(15,-1),(22,2),(24,-2)]),Term Id (fromList [(15,-1),(23,-3),(24,-1)]),Term Log (fromList [(15,-1),(23,3),(24,-2)]),Term Log (fromList [(11,3),(12,3),(23,-3),(24,-1)]),Term Sin (fromList [(0,-2),(2,-1),(5,-1),(12,-1),(24,-2)]),Term Id (fromList [(22,2)]),Term SqrtAbs (fromList [(0,-1),(22,1)]),Term Tanh (fromList [(3,2),(23,-1)]),Term Sin (fromList [(22,1)])]","[37106.34447817592,-2367.57810012916,-3.7338543430314983,-8.230493718888778e9,-3928.470180406637,-492.6632126914672,42.52350553645206,885.6241908348986,-2824.5133154230316,6.765974071195347e11,-547.8794056142339,-209.2355924587031,-2.1398215923224937e12,-9.071195135029729e-2,8044.624914358479,-12066.262975587766,-8.085366337480064]","37106.34447817592 + -2367.57810012916*np.tanh(x[:,24]**(-1)) + -3.7338543430314983*np.cos(x[:,23]) + -8.230493718888778e9*np.tanh(x[:,10]**(-3)*x[:,16]**(-3)*x[:,19]*x[:,21]*x[:,22]) + -3928.470180406637*np.log(x[:,11]**(3)*x[:,12]**(3)*x[:,15]**(-2)*x[:,24]**(2)) + -492.6632126914672*sqrtAbs(x[:,22]*x[:,24]**(-2)) + 42.52350553645206*sqrtAbs(x[:,0]**(2)*x[:,2]**(-3)*x[:,5]**(-1)*x[:,12]**(2)*x[:,13]**(2)*x[:,14]**(-2)*x[:,23]**(2)*x[:,24]**(-1)) + 885.6241908348986*np.log(x[:,2]**(-1)*x[:,5]**(-1)*x[:,12]**(2)*x[:,22]*x[:,24]) + -2824.5133154230316*np.log(x[:,0]**(-2)*x[:,2]**(-1)*x[:,5]**(-1)*x[:,12]**(-1)*x[:,15]**(-1)*x[:,22]**(2)*x[:,24]**(-2)) + 6.765974071195347e11*(x[:,15]**(-1)*x[:,23]**(-3)*x[:,24]**(-1)) + -547.8794056142339*np.log(x[:,15]**(-1)*x[:,23]**(3)*x[:,24]**(-2)) + -209.2355924587031*np.log(x[:,11]**(3)*x[:,12]**(3)*x[:,23]**(-3)*x[:,24]**(-1)) + -2.1398215923224937e12*np.sin(x[:,0]**(-2)*x[:,2]**(-1)*x[:,5]**(-1)*x[:,12]**(-1)*x[:,24]**(-2)) + -9.071195135029729e-2*(x[:,22]**(2)) + 8044.624914358479*sqrtAbs(x[:,0]**(-1)*x[:,22]) + -12066.262975587766*np.tanh(x[:,3]**(2)*x[:,23]**(-1)) + -8.085366337480064*np.sin(x[:,22])"

"[Term Id (fromList [(2,-2),(15,3),(20,-2),(22,1),(24,-3)]),Term Log (fromList [(0,-2),(3,-2),(5,3),(8,-3),(11,-3),(15,3),(17,-3),(20,-2),(21,-3),(23,-3)]),Term SqrtAbs (fromList [(17,-3),(23,-1),(24,2)]),Term Tanh (fromList [(24,-3)]),Term SqrtAbs (fromList [(0,1),(20,-2),(22,3)]),Term Exp (fromList [(0,-1),(5,2),(11,-3),(15,2),(20,-3),(23,-1)]),Term Exp (fromList [(0,-3),(5,3),(11,-1),(15,3),(20,-1),(21,-1),(23,-3)]),Term SqrtAbs (fromList [(11,-2),(20,-2),(23,1)]),Term Sin (fromList [(11,-2),(14,1),(15,2),(23,-3)]),Term SqrtAbs (fromList [(11,2),(24,2)]),Term Log (fromList [(2,-2),(15,2),(22,1),(23,2)]),Term SqrtAbs (fromList [(24,1)]),Term SqrtAbs (fromList [(15,2),(23,-1)]),Term SqrtAbs (fromList [(2,-2),(22,1)]),Term Cos (fromList [(20,-2)]),Term Sin (fromList [(24,-2)])]","[-3.3818517825283325e12,-41571.097554810476,29.972594592460307,-9446.628395928059,26477.94526949862,18.219551740233136,2.791070293329711e11,-2681580.8962876145,3.727809968299063e7,-2.5224450734618675e7,-0.5632095435149034,-2439.0730951897363,812.292109975,1369.9936307485073,48123.195735290814,3.102747436463807e12,21490.381561331105]","-3.3818517825283325e12 + -41571.097554810476*(x[:,2]**(-2)*x[:,15]**(3)*x[:,20]**(-2)*x[:,22]*x[:,24]**(-3)) + 29.972594592460307*np.log(x[:,0]**(-2)*x[:,3]**(-2)*x[:,5]**(3)*x[:,8]**(-3)*x[:,11]**(-3)*x[:,15]**(3)*x[:,17]**(-3)*x[:,20]**(-2)*x[:,21]**(-3)*x[:,23]**(-3)) + -9446.628395928059*sqrtAbs(x[:,17]**(-3)*x[:,23]**(-1)*x[:,24]**(2)) + 26477.94526949862*np.tanh(x[:,24]**(-3)) + 18.219551740233136*sqrtAbs(x[:,0]*x[:,20]**(-2)*x[:,22]**(3)) + 2.791070293329711e11*np.exp(x[:,0]**(-1)*x[:,5]**(2)*x[:,11]**(-3)*x[:,15]**(2)*x[:,20]**(-3)*x[:,23]**(-1)) + -2681580.8962876145*np.exp(x[:,0]**(-3)*x[:,5]**(3)*x[:,11]**(-1)*x[:,15]**(3)*x[:,20]**(-1)*x[:,21]**(-1)*x[:,23]**(-3)) + 3.727809968299063e7*sqrtAbs(x[:,11]**(-2)*x[:,20]**(-2)*x[:,23]) + -2.5224450734618675e7*np.sin(x[:,11]**(-2)*x[:,14]*x[:,15]**(2)*x[:,23]**(-3)) + -0.5632095435149034*sqrtAbs(x[:,11]**(2)*x[:,24]**(2)) + -2439.0730951897363*np.log(x[:,2]**(-2)*x[:,15]**(2)*x[:,22]*x[:,23]**(2)) + 812.292109975*sqrtAbs(x[:,24]) + 1369.9936307485073*sqrtAbs(x[:,15]**(2)*x[:,23]**(-1)) + 48123.195735290814*sqrtAbs(x[:,2]**(-2)*x[:,22]) + 3.102747436463807e12*np.cos(x[:,20]**(-2)) + 21490.381561331105*np.sin(x[:,24]**(-2))"

"[Term Exp (fromList [(0,-3),(6,1),(11,-2),(21,-1),(22,2),(24,-2)]),Term SqrtAbs (fromList [(2,-3),(3,-2),(5,-1),(11,-2),(15,-1),(19,-2),(23,1),(24,-1)]),Term Log (fromList [(6,1),(11,-2),(13,-2),(22,2),(23,-3),(24,-1)]),Term Log (fromList [(2,-3),(3,-3),(5,-1),(11,-1),(13,2),(15,-2),(19,-2),(20,2),(23,2),(24,-3)]),Term Log (fromList [(11,-2),(15,-2),(19,-1),(20,-3),(24,3)]),Term Log (fromList [(5,3),(14,-1),(15,-2),(20,-3),(22,3)]),Term Log (fromList [(6,1),(11,-2),(22,1),(24,-2)]),Term Tanh (fromList [(11,-2),(19,-1),(20,-1)]),Term SqrtAbs (fromList [(22,1)]),Term Sin (fromList [(0,-3),(17,1),(24,3)]),Term Id (fromList [(0,-3),(19,-3),(22,1),(24,-1)]),Term Tanh (fromList [(0,-3),(22,1),(23,2),(24,-1)]),Term Exp (fromList [(0,-3),(22,1),(24,-1)]),Term Exp (fromList [(15,-1),(20,-3)]),Term Tanh (fromList [(20,-1)]),Term Id (fromList [(0,-3),(22,1)])]","[2.56779784159474e12,1.868015427685132e8,5.602761637795147e12,248.5179073536204,-75.81630751324151,154.62436008380018,635.9268344418645,291.8429500149141,3.9394342413315e12,-415.79940944862886,-11.203317094170687,-8.316220983537703e12,-2284.3289778604617,3277095.0296976343,-2.567987914929678e12,1769927.745826737,87545.86309039303]","2.56779784159474e12 + 1.868015427685132e8*np.exp(x[:,0]**(-3)*x[:,6]*x[:,11]**(-2)*x[:,21]**(-1)*x[:,22]**(2)*x[:,24]**(-2)) + 5.602761637795147e12*sqrtAbs(x[:,2]**(-3)*x[:,3]**(-2)*x[:,5]**(-1)*x[:,11]**(-2)*x[:,15]**(-1)*x[:,19]**(-2)*x[:,23]*x[:,24]**(-1)) + 248.5179073536204*np.log(x[:,6]*x[:,11]**(-2)*x[:,13]**(-2)*x[:,22]**(2)*x[:,23]**(-3)*x[:,24]**(-1)) + -75.81630751324151*np.log(x[:,2]**(-3)*x[:,3]**(-3)*x[:,5]**(-1)*x[:,11]**(-1)*x[:,13]**(2)*x[:,15]**(-2)*x[:,19]**(-2)*x[:,20]**(2)*x[:,23]**(2)*x[:,24]**(-3)) + 154.62436008380018*np.log(x[:,11]**(-2)*x[:,15]**(-2)*x[:,19]**(-1)*x[:,20]**(-3)*x[:,24]**(3)) + 635.9268344418645*np.log(x[:,5]**(3)*x[:,14]**(-1)*x[:,15]**(-2)*x[:,20]**(-3)*x[:,22]**(3)) + 291.8429500149141*np.log(x[:,6]*x[:,11]**(-2)*x[:,22]*x[:,24]**(-2)) + 3.9394342413315e12*np.tanh(x[:,11]**(-2)*x[:,19]**(-1)*x[:,20]**(-1)) + -415.79940944862886*sqrtAbs(x[:,22]) + -11.203317094170687*np.sin(x[:,0]**(-3)*x[:,17]*x[:,24]**(3)) + -8.316220983537703e12*(x[:,0]**(-3)*x[:,19]**(-3)*x[:,22]*x[:,24]**(-1)) + -2284.3289778604617*np.tanh(x[:,0]**(-3)*x[:,22]*x[:,23]**(2)*x[:,24]**(-1)) + 3277095.0296976343*np.exp(x[:,0]**(-3)*x[:,22]*x[:,24]**(-1)) + -2.567987914929678e12*np.exp(x[:,15]**(-1)*x[:,20]**(-3)) + 1769927.745826737*np.tanh(x[:,20]**(-1)) + 87545.86309039303*(x[:,0]**(-3)*x[:,22])"

"[Term Sin (fromList [(11,-3),(15,3),(22,1)]),Term Log (fromList [(0,3),(12,3),(19,-3),(22,3),(23,-3),(24,-3)]),Term Sin (fromList [(2,2),(5,3),(13,-2),(21,1),(22,-3),(24,-1)]),Term Sin (fromList [(0,3),(11,-3),(12,2),(15,3),(19,-2),(22,3),(23,-3),(24,-3)]),Term SqrtAbs (fromList [(0,3),(12,1),(23,-2),(24,-2)]),Term Id (fromList [(11,-2),(13,-1),(15,2),(23,2),(24,1)]),Term Sin (fromList [(14,-2),(24,-1)]),Term Log (fromList [(11,-3),(15,3),(23,2),(24,2)]),Term SqrtAbs (fromList [(2,2),(5,3),(13,-2),(22,-3)]),Term Id (fromList [(0,3),(11,-2),(12,1),(15,2),(19,-2),(22,3)]),Term Log (fromList [(0,3),(11,-2),(12,1),(15,2),(22,3),(23,-1),(24,2)]),Term Log (fromList [(11,-3),(15,3),(23,1),(24,1)]),Term Exp (fromList [(0,2),(19,-2)]),Term Exp (fromList [(11,-3),(15,3)]),Term Id (fromList [(11,-2),(15,2),(22,3),(24,-3)]),Term SqrtAbs (fromList [(19,-2),(22,3)])]","[89668.67721186066,-6.557688539773867,-1209.192821436573,12.405265405498717,4.816376674608437,278.66912459134966,-0.9461626942940227,9.51702899925399e7,-45716.52034282723,1458.9431125164779,-3.4672217153811052e-6,36.295142088650906,89083.56661718688,33905.56872331645,-48939.901225808375,-5.899724877867599e-2,678.3974935408241]","89668.67721186066 + -6.557688539773867*np.sin(x[:,11]**(-3)*x[:,15]**(3)*x[:,22]) + -1209.192821436573*np.log(x[:,0]**(3)*x[:,12]**(3)*x[:,19]**(-3)*x[:,22]**(3)*x[:,23]**(-3)*x[:,24]**(-3)) + 12.405265405498717*np.sin(x[:,2]**(2)*x[:,5]**(3)*x[:,13]**(-2)*x[:,21]*x[:,22]**(-3)*x[:,24]**(-1)) + 4.816376674608437*np.sin(x[:,0]**(3)*x[:,11]**(-3)*x[:,12]**(2)*x[:,15]**(3)*x[:,19]**(-2)*x[:,22]**(3)*x[:,23]**(-3)*x[:,24]**(-3)) + 278.66912459134966*sqrtAbs(x[:,0]**(3)*x[:,12]*x[:,23]**(-2)*x[:,24]**(-2)) + -0.9461626942940227*(x[:,11]**(-2)*x[:,13]**(-1)*x[:,15]**(2)*x[:,23]**(2)*x[:,24]) + 9.51702899925399e7*np.sin(x[:,14]**(-2)*x[:,24]**(-1)) + -45716.52034282723*np.log(x[:,11]**(-3)*x[:,15]**(3)*x[:,23]**(2)*x[:,24]**(2)) + 1458.9431125164779*sqrtAbs(x[:,2]**(2)*x[:,5]**(3)*x[:,13]**(-2)*x[:,22]**(-3)) + -3.4672217153811052e-6*(x[:,0]**(3)*x[:,11]**(-2)*x[:,12]*x[:,15]**(2)*x[:,19]**(-2)*x[:,22]**(3)) + 36.295142088650906*np.log(x[:,0]**(3)*x[:,11]**(-2)*x[:,12]*x[:,15]**(2)*x[:,22]**(3)*x[:,23]**(-1)*x[:,24]**(2)) + 89083.56661718688*np.log(x[:,11]**(-3)*x[:,15]**(3)*x[:,23]*x[:,24]) + 33905.56872331645*np.exp(x[:,0]**(2)*x[:,19]**(-2)) + -48939.901225808375*np.exp(x[:,11]**(-3)*x[:,15]**(3)) + -5.899724877867599e-2*(x[:,11]**(-2)*x[:,15]**(2)*x[:,22]**(3)*x[:,24]**(-3)) + 678.3974935408241*sqrtAbs(x[:,19]**(-2)*x[:,22]**(3))"

"[Term Sin (fromList [(19,-2),(23,-2)]),Term SqrtAbs (fromList [(4,-1),(5,1),(11,-2),(15,1),(19,-1),(21,1),(24,-3)]),Term Log (fromList [(0,1),(4,-2),(5,-1),(11,-2),(19,-2),(20,1),(21,3),(22,3),(23,1),(24,-3)]),Term Id (fromList [(5,1),(23,-3)]),Term Sin (fromList [(4,-1),(5,1),(11,-2),(17,2),(19,-1),(21,2),(24,1)]),Term Id (fromList [(0,-2),(5,1),(12,-3),(22,2)]),Term Sin (fromList [(5,-1),(19,-1),(24,-3)]),Term SqrtAbs (fromList [(2,-3),(6,-2),(12,-1),(24,1)]),Term Id (fromList [(5,-1),(19,-1),(24,3)]),Term SqrtAbs (fromList [(4,-1),(11,-2),(19,-1),(22,3),(24,1)]),Term Tanh (fromList [(11,-2),(19,-1)]),Term Id (fromList [(24,-1)]),Term Cos (fromList [(11,-2),(24,1)]),Term Cos (fromList [(0,-2),(2,-3),(4,-1),(19,-1),(21,3),(22,2),(23,1),(24,1)]),Term Log (fromList [(2,-3),(4,-2),(20,-2),(24,3)]),Term SqrtAbs (fromList [(4,-1),(15,2),(24,1)])]","[1.5222806947804585e10,-2.4478828006361383e11,-46257.50370219235,-7.414776223077255,2.1568416074663375e7,-1.560122170517273,2471204.6396235414,9.910977728975268e7,2.6036733778013352e8,-3723.4701860860423,-1028.0898577587018,2.6847965027901566e10,-9403.042582479155,-1.5222849385105562e10,-18.969288203596708,-1263.7276487583674,60.606310076283485]","1.5222806947804585e10 + -2.4478828006361383e11*np.sin(x[:,19]**(-2)*x[:,23]**(-2)) + -46257.50370219235*sqrtAbs(x[:,4]**(-1)*x[:,5]*x[:,11]**(-2)*x[:,15]*x[:,19]**(-1)*x[:,21]*x[:,24]**(-3)) + -7.414776223077255*np.log(x[:,0]*x[:,4]**(-2)*x[:,5]**(-1)*x[:,11]**(-2)*x[:,19]**(-2)*x[:,20]*x[:,21]**(3)*x[:,22]**(3)*x[:,23]*x[:,24]**(-3)) + 2.1568416074663375e7*(x[:,5]*x[:,23]**(-3)) + -1.560122170517273*np.sin(x[:,4]**(-1)*x[:,5]*x[:,11]**(-2)*x[:,17]**(2)*x[:,19]**(-1)*x[:,21]**(2)*x[:,24]) + 2471204.6396235414*(x[:,0]**(-2)*x[:,5]*x[:,12]**(-3)*x[:,22]**(2)) + 9.910977728975268e7*np.sin(x[:,5]**(-1)*x[:,19]**(-1)*x[:,24]**(-3)) + 2.6036733778013352e8*sqrtAbs(x[:,2]**(-3)*x[:,6]**(-2)*x[:,12]**(-1)*x[:,24]) + -3723.4701860860423*(x[:,5]**(-1)*x[:,19]**(-1)*x[:,24]**(3)) + -1028.0898577587018*sqrtAbs(x[:,4]**(-1)*x[:,11]**(-2)*x[:,19]**(-1)*x[:,22]**(3)*x[:,24]) + 2.6847965027901566e10*np.tanh(x[:,11]**(-2)*x[:,19]**(-1)) + -9403.042582479155*(x[:,24]**(-1)) + -1.5222849385105562e10*np.cos(x[:,11]**(-2)*x[:,24]) + -18.969288203596708*np.cos(x[:,0]**(-2)*x[:,2]**(-3)*x[:,4]**(-1)*x[:,19]**(-1)*x[:,21]**(3)*x[:,22]**(2)*x[:,23]*x[:,24]) + -1263.7276487583674*np.log(x[:,2]**(-3)*x[:,4]**(-2)*x[:,20]**(-2)*x[:,24]**(3)) + 60.606310076283485*sqrtAbs(x[:,4]**(-1)*x[:,15]**(2)*x[:,24])"

"[Term Sin (fromList [(0,1),(5,3),(22,-3),(23,-2)]),Term SqrtAbs (fromList [(4,1),(22,-1),(23,2)]),Term Id (fromList [(11,3),(20,-2),(21,-1),(22,-2),(23,2),(24,-2)]),Term Id (fromList [(0,3),(9,3),(11,3),(22,-3),(23,-1)]),Term SqrtAbs (fromList [(11,3),(20,-2),(21,-1),(22,-2),(23,2)]),Term SqrtAbs (fromList [(4,1),(22,-3)]),Term Id (fromList [(20,-1),(21,1)]),Term SqrtAbs (fromList [(16,2),(20,-2),(21,1),(22,-2),(24,-2)]),Term Log (fromList [(0,3),(2,-3),(11,3),(21,3),(22,-3),(23,-3)]),Term Sin (fromList [(23,-1)]),Term SqrtAbs (fromList [(0,3),(2,-3),(13,2),(20,2),(22,-2)]),Term Cos (fromList [(22,-2),(23,2),(24,-2)]),Term SqrtAbs (fromList [(0,3),(2,-3),(9,3),(12,2),(21,3),(22,-3),(23,-1),(24,3)]),Term Id (fromList [(0,3),(6,2),(21,-3),(22,-2)]),Term Exp (fromList [(23,-3)]),Term SqrtAbs (fromList [(11,3),(21,-1)])]","[2.7763595511236954e9,190104.14603399366,5.266059669127204,-684.3873824380133,-4.0652483841292287e-4,-16.186650669719754,45925.82063158477,1868.7462633214861,282.6111242652106,-1689.1432235823524,1229851.6242930307,74.1826635766049,-21245.91642328495,0.1165918687259285,1674.6947149581345,-2.7763493664862747e9,-30.690897102574777]","2.7763595511236954e9 + 190104.14603399366*np.sin(x[:,0]*x[:,5]**(3)*x[:,22]**(-3)*x[:,23]**(-2)) + 5.266059669127204*sqrtAbs(x[:,4]*x[:,22]**(-1)*x[:,23]**(2)) + -684.3873824380133*(x[:,11]**(3)*x[:,20]**(-2)*x[:,21]**(-1)*x[:,22]**(-2)*x[:,23]**(2)*x[:,24]**(-2)) + -4.0652483841292287e-4*(x[:,0]**(3)*x[:,9]**(3)*x[:,11]**(3)*x[:,22]**(-3)*x[:,23]**(-1)) + -16.186650669719754*sqrtAbs(x[:,11]**(3)*x[:,20]**(-2)*x[:,21]**(-1)*x[:,22]**(-2)*x[:,23]**(2)) + 45925.82063158477*sqrtAbs(x[:,4]*x[:,22]**(-3)) + 1868.7462633214861*(x[:,20]**(-1)*x[:,21]) + 282.6111242652106*sqrtAbs(x[:,16]**(2)*x[:,20]**(-2)*x[:,21]*x[:,22]**(-2)*x[:,24]**(-2)) + -1689.1432235823524*np.log(x[:,0]**(3)*x[:,2]**(-3)*x[:,11]**(3)*x[:,21]**(3)*x[:,22]**(-3)*x[:,23]**(-3)) + 1229851.6242930307*np.sin(x[:,23]**(-1)) + 74.1826635766049*sqrtAbs(x[:,0]**(3)*x[:,2]**(-3)*x[:,13]**(2)*x[:,20]**(2)*x[:,22]**(-2)) + -21245.91642328495*np.cos(x[:,22]**(-2)*x[:,23]**(2)*x[:,24]**(-2)) + 0.1165918687259285*sqrtAbs(x[:,0]**(3)*x[:,2]**(-3)*x[:,9]**(3)*x[:,12]**(2)*x[:,21]**(3)*x[:,22]**(-3)*x[:,23]**(-1)*x[:,24]**(3)) + 1674.6947149581345*(x[:,0]**(3)*x[:,6]**(2)*x[:,21]**(-3)*x[:,22]**(-2)) + -2.7763493664862747e9*np.exp(x[:,23]**(-3)) + -30.690897102574777*sqrtAbs(x[:,11]**(3)*x[:,21]**(-1))"

"[Term Cos (fromList [(0,-3),(9,2),(12,3),(13,-2),(22,-3),(23,2),(24,1)]),Term Log (fromList [(0,-3),(6,2),(8,2),(12,3),(13,-2),(22,-3),(23,3),(24,2)]),Term Tanh (fromList [(1,2),(9,2),(10,-3),(15,-1),(24,2)]),Term Log (fromList [(0,-3),(6,2),(12,3),(13,-2),(22,-3),(23,3)]),Term Id (fromList [(0,1),(5,2),(6,2),(12,3),(13,-2),(15,3),(22,-3),(23,-3)]),Term Log (fromList [(0,1),(5,2),(6,2),(15,3),(22,-3),(23,3),(24,-3)]),Term Tanh (fromList [(0,-3),(2,3),(11,-2),(13,-2),(19,2),(20,-3),(21,-2),(23,3),(24,3)]),Term Log (fromList [(0,-3),(12,3),(13,-2),(22,-3),(23,2),(24,-2)]),Term SqrtAbs (fromList [(2,3),(9,2),(24,-2)]),Term Id (fromList [(0,1),(3,-1),(12,3),(13,-2),(22,-3),(23,2),(24,-1)]),Term Log (fromList [(0,-3),(2,3),(11,-2),(13,-2),(19,2),(20,-3),(23,3),(24,3)]),Term SqrtAbs (fromList [(21,1)]),Term Id (fromList [(6,2),(23,2)]),Term Id (fromList [(20,2)]),Term SqrtAbs (fromList [(12,3),(13,-2),(23,2)]),Term Log (fromList [(10,-3),(24,1)])]","[58557.06368445805,-21074.850234528974,-101.21260733381128,80695.11757350792,-4706.4263998925635,4.443523946724487e-4,1212.8355333731272,-16782.91412344289,3119.559349361638,-0.30308533772055646,142.04995948242794,3212.8526867346513,-9.9635253402158,4.100175161581184e-6,0.2664410857132645,-3.90431634078655,320.4383747083789]","58557.06368445805 + -21074.850234528974*np.cos(x[:,0]**(-3)*x[:,9]**(2)*x[:,12]**(3)*x[:,13]**(-2)*x[:,22]**(-3)*x[:,23]**(2)*x[:,24]) + -101.21260733381128*np.log(x[:,0]**(-3)*x[:,6]**(2)*x[:,8]**(2)*x[:,12]**(3)*x[:,13]**(-2)*x[:,22]**(-3)*x[:,23]**(3)*x[:,24]**(2)) + 80695.11757350792*np.tanh(x[:,1]**(2)*x[:,9]**(2)*x[:,10]**(-3)*x[:,15]**(-1)*x[:,24]**(2)) + -4706.4263998925635*np.log(x[:,0]**(-3)*x[:,6]**(2)*x[:,12]**(3)*x[:,13]**(-2)*x[:,22]**(-3)*x[:,23]**(3)) + 4.443523946724487e-4*(x[:,0]*x[:,5]**(2)*x[:,6]**(2)*x[:,12]**(3)*x[:,13]**(-2)*x[:,15]**(3)*x[:,22]**(-3)*x[:,23]**(-3)) + 1212.8355333731272*np.log(x[:,0]*x[:,5]**(2)*x[:,6]**(2)*x[:,15]**(3)*x[:,22]**(-3)*x[:,23]**(3)*x[:,24]**(-3)) + -16782.91412344289*np.tanh(x[:,0]**(-3)*x[:,2]**(3)*x[:,11]**(-2)*x[:,13]**(-2)*x[:,19]**(2)*x[:,20]**(-3)*x[:,21]**(-2)*x[:,23]**(3)*x[:,24]**(3)) + 3119.559349361638*np.log(x[:,0]**(-3)*x[:,12]**(3)*x[:,13]**(-2)*x[:,22]**(-3)*x[:,23]**(2)*x[:,24]**(-2)) + -0.30308533772055646*sqrtAbs(x[:,2]**(3)*x[:,9]**(2)*x[:,24]**(-2)) + 142.04995948242794*(x[:,0]*x[:,3]**(-1)*x[:,12]**(3)*x[:,13]**(-2)*x[:,22]**(-3)*x[:,23]**(2)*x[:,24]**(-1)) + 3212.8526867346513*np.log(x[:,0]**(-3)*x[:,2]**(3)*x[:,11]**(-2)*x[:,13]**(-2)*x[:,19]**(2)*x[:,20]**(-3)*x[:,23]**(3)*x[:,24]**(3)) + -9.9635253402158*sqrtAbs(x[:,21]) + 4.100175161581184e-6*(x[:,6]**(2)*x[:,23]**(2)) + 0.2664410857132645*(x[:,20]**(2)) + -3.90431634078655*sqrtAbs(x[:,12]**(3)*x[:,13]**(-2)*x[:,23]**(2)) + 320.4383747083789*np.log(x[:,10]**(-3)*x[:,24])"

"[Term Log (fromList [(11,-1),(19,-3),(24,-3)]),Term Sin (fromList [(20,-2),(24,-3)]),Term Log (fromList [(9,-3),(10,-1),(22,-2),(23,-3),(24,3)]),Term Log (fromList [(13,-3),(19,-3),(23,-1),(24,-3)]),Term Sin (fromList [(22,1)]),Term Log (fromList [(0,3),(2,3),(9,-3),(12,2),(14,-2),(22,-3),(23,-3),(24,-2)]),Term Tanh (fromList [(22,-2)]),Term SqrtAbs (fromList [(0,3),(2,3),(13,3),(19,-3),(21,-2),(22,-3),(24,-3)]),Term SqrtAbs (fromList [(0,3),(2,3),(12,2),(22,-3),(24,-3)]),Term SqrtAbs (fromList [(0,-1),(6,3)]),Term Cos (fromList [(6,3),(23,-3)]),Term Tanh (fromList [(9,3),(24,-2)]),Term Log (fromList [(12,2),(24,-2)]),Term Sin (fromList [(0,3),(2,3),(22,-3),(23,-3),(24,1)]),Term Sin (fromList [(19,-3)]),Term Log (fromList [(9,-3),(23,-2)])]","[216378.0500283336,7362.948380971365,-3.2213105662264633e8,1030.612846971092,-1150.0299529952283,-5.659670280042998,-89.75345120601344,-1.3089333811240729e7,150.3492466610079,0.2720798474542045,15.446108026674139,-2172.65387907107,116.03386571644704,-7872.156152111498,667.3529917309479,-1.755127784074263e10,-948.7017731498923]","216378.0500283336 + 7362.948380971365*np.log(x[:,11]**(-1)*x[:,19]**(-3)*x[:,24]**(-3)) + -3.2213105662264633e8*np.sin(x[:,20]**(-2)*x[:,24]**(-3)) + 1030.612846971092*np.log(x[:,9]**(-3)*x[:,10]**(-1)*x[:,22]**(-2)*x[:,23]**(-3)*x[:,24]**(3)) + -1150.0299529952283*np.log(x[:,13]**(-3)*x[:,19]**(-3)*x[:,23]**(-1)*x[:,24]**(-3)) + -5.659670280042998*np.sin(x[:,22]) + -89.75345120601344*np.log(x[:,0]**(3)*x[:,2]**(3)*x[:,9]**(-3)*x[:,12]**(2)*x[:,14]**(-2)*x[:,22]**(-3)*x[:,23]**(-3)*x[:,24]**(-2)) + -1.3089333811240729e7*np.tanh(x[:,22]**(-2)) + 150.3492466610079*sqrtAbs(x[:,0]**(3)*x[:,2]**(3)*x[:,13]**(3)*x[:,19]**(-3)*x[:,21]**(-2)*x[:,22]**(-3)*x[:,24]**(-3)) + 0.2720798474542045*sqrtAbs(x[:,0]**(3)*x[:,2]**(3)*x[:,12]**(2)*x[:,22]**(-3)*x[:,24]**(-3)) + 15.446108026674139*sqrtAbs(x[:,0]**(-1)*x[:,6]**(3)) + -2172.65387907107*np.cos(x[:,6]**(3)*x[:,23]**(-3)) + 116.03386571644704*np.tanh(x[:,9]**(3)*x[:,24]**(-2)) + -7872.156152111498*np.log(x[:,12]**(2)*x[:,24]**(-2)) + 667.3529917309479*np.sin(x[:,0]**(3)*x[:,2]**(3)*x[:,22]**(-3)*x[:,23]**(-3)*x[:,24]) + -1.755127784074263e10*np.sin(x[:,19]**(-3)) + -948.7017731498923*np.log(x[:,9]**(-3)*x[:,23]**(-2))"

"[Term Log (fromList [(0,-3),(11,-2),(13,-1),(14,-1),(20,-3),(24,1)]),Term Id (fromList [(0,3),(19,-2),(22,-2),(23,-3),(24,1)]),Term Log (fromList [(11,-1),(23,-2),(24,-1)]),Term Log (fromList [(0,3),(5,-3),(11,-2),(13,-2),(15,-1),(20,3),(22,-2),(23,-3),(24,3)]),Term Log (fromList [(24,2)]),Term Cos (fromList [(6,3),(14,-2),(22,-2)]),Term SqrtAbs (fromList [(11,-3),(20,-2),(23,3),(24,-1)]),Term SqrtAbs (fromList [(12,3),(20,-3),(21,2)]),Term Id (fromList [(22,-1)]),Term Tanh (fromList [(0,-2),(11,-2),(21,2),(22,-2),(23,-3),(24,2)]),Term SqrtAbs (fromList [(11,-2),(23,3),(24,-1)]),Term SqrtAbs (fromList [(0,3),(5,-3),(11,-2),(13,-3),(14,-1),(20,3),(22,-3),(23,-3),(24,2)]),Term SqrtAbs (fromList [(0,3),(5,-3),(22,-3)]),Term Exp (fromList [(23,-1)]),Term Sin (fromList [(0,3),(22,-2),(23,-3),(24,1)]),Term Sin (fromList [(11,-2),(23,1)])]","[3.785623417609543e7,-262.060666415697,-1.0103614788876912e12,9822.643376363125,-908.692780263408,6341.660659478491,-3.68515400634205e7,-4198114.405641135,-0.4069177410953966,-70636.06969591732,3.803573316676692e12,2343.693405093596,-7.096824084098752e11,4459424.513165623,-906765.5708123334,7.821406464817321e7,2240053.494375969]","3.785623417609543e7 + -262.060666415697*np.log(x[:,0]**(-3)*x[:,11]**(-2)*x[:,13]**(-1)*x[:,14]**(-1)*x[:,20]**(-3)*x[:,24]) + -1.0103614788876912e12*(x[:,0]**(3)*x[:,19]**(-2)*x[:,22]**(-2)*x[:,23]**(-3)*x[:,24]) + 9822.643376363125*np.log(x[:,11]**(-1)*x[:,23]**(-2)*x[:,24]**(-1)) + -908.692780263408*np.log(x[:,0]**(3)*x[:,5]**(-3)*x[:,11]**(-2)*x[:,13]**(-2)*x[:,15]**(-1)*x[:,20]**(3)*x[:,22]**(-2)*x[:,23]**(-3)*x[:,24]**(3)) + 6341.660659478491*np.log(x[:,24]**(2)) + -3.68515400634205e7*np.cos(x[:,6]**(3)*x[:,14]**(-2)*x[:,22]**(-2)) + -4198114.405641135*sqrtAbs(x[:,11]**(-3)*x[:,20]**(-2)*x[:,23]**(3)*x[:,24]**(-1)) + -0.4069177410953966*sqrtAbs(x[:,12]**(3)*x[:,20]**(-3)*x[:,21]**(2)) + -70636.06969591732*(x[:,22]**(-1)) + 3.803573316676692e12*np.tanh(x[:,0]**(-2)*x[:,11]**(-2)*x[:,21]**(2)*x[:,22]**(-2)*x[:,23]**(-3)*x[:,24]**(2)) + 2343.693405093596*sqrtAbs(x[:,11]**(-2)*x[:,23]**(3)*x[:,24]**(-1)) + -7.096824084098752e11*sqrtAbs(x[:,0]**(3)*x[:,5]**(-3)*x[:,11]**(-2)*x[:,13]**(-3)*x[:,14]**(-1)*x[:,20]**(3)*x[:,22]**(-3)*x[:,23]**(-3)*x[:,24]**(2)) + 4459424.513165623*sqrtAbs(x[:,0]**(3)*x[:,5]**(-3)*x[:,22]**(-3)) + -906765.5708123334*np.exp(x[:,23]**(-1)) + 7.821406464817321e7*np.sin(x[:,0]**(3)*x[:,22]**(-2)*x[:,23]**(-3)*x[:,24]) + 2240053.494375969*np.sin(x[:,11]**(-2)*x[:,23])"

"[Term SqrtAbs (fromList [(0,-2),(23,-3),(24,2)]),Term Id (fromList [(0,3),(14,-1),(19,1),(20,-1),(21,-3),(23,1),(24,1)]),Term Cos (fromList [(11,-1),(21,1),(22,-3),(23,-1),(24,3)]),Term Exp (fromList [(2,-1),(5,2),(13,3),(21,-3),(22,-3)]),Term Log (fromList [(0,3),(15,-1),(19,1),(20,-1),(21,3),(24,2)]),Term Log (fromList [(0,3),(11,-1),(13,1),(19,1),(24,3)]),Term Tanh (fromList [(0,-2),(22,-3)]),Term Log (fromList [(0,3),(4,-2),(5,3),(14,3),(19,-2),(22,-3),(24,2)]),Term Id (fromList [(5,1),(20,-2),(23,-3),(24,-3)]),Term Sin (fromList [(5,2),(20,-2),(23,-3)]),Term Log (fromList [(11,-1),(23,-1),(24,3)]),Term Log (fromList [(0,3),(15,-1),(19,1),(20,-1),(24,3)]),Term Id (fromList [(23,-3)]),Term Log (fromList [(24,-1)]),Term SqrtAbs (fromList [(23,-1)]),Term SqrtAbs (fromList [(0,3),(19,1),(24,-1)])]","[1.0235303219942574e11,-2707846.4467560165,37.48743630221267,-1.0235281358630872e11,-20373.480893841075,-15.141315134999015,2715.956826676155,-1.0767285359083952e11,-114.56717326404221,-3.05292190874478e12,6.240939098904204e9,17329.300596613215,-4144.227173589825,4.301046687315459e9,45899.5738311291,-577587.5490265021,3.9652261213809976]","1.0235303219942574e11 + -2707846.4467560165*sqrtAbs(x[:,0]**(-2)*x[:,23]**(-3)*x[:,24]**(2)) + 37.48743630221267*(x[:,0]**(3)*x[:,14]**(-1)*x[:,19]*x[:,20]**(-1)*x[:,21]**(-3)*x[:,23]*x[:,24]) + -1.0235281358630872e11*np.cos(x[:,11]**(-1)*x[:,21]*x[:,22]**(-3)*x[:,23]**(-1)*x[:,24]**(3)) + -20373.480893841075*np.exp(x[:,2]**(-1)*x[:,5]**(2)*x[:,13]**(3)*x[:,21]**(-3)*x[:,22]**(-3)) + -15.141315134999015*np.log(x[:,0]**(3)*x[:,15]**(-1)*x[:,19]*x[:,20]**(-1)*x[:,21]**(3)*x[:,24]**(2)) + 2715.956826676155*np.log(x[:,0]**(3)*x[:,11]**(-1)*x[:,13]*x[:,19]*x[:,24]**(3)) + -1.0767285359083952e11*np.tanh(x[:,0]**(-2)*x[:,22]**(-3)) + -114.56717326404221*np.log(x[:,0]**(3)*x[:,4]**(-2)*x[:,5]**(3)*x[:,14]**(3)*x[:,19]**(-2)*x[:,22]**(-3)*x[:,24]**(2)) + -3.05292190874478e12*(x[:,5]*x[:,20]**(-2)*x[:,23]**(-3)*x[:,24]**(-3)) + 6.240939098904204e9*np.sin(x[:,5]**(2)*x[:,20]**(-2)*x[:,23]**(-3)) + 17329.300596613215*np.log(x[:,11]**(-1)*x[:,23]**(-1)*x[:,24]**(3)) + -4144.227173589825*np.log(x[:,0]**(3)*x[:,15]**(-1)*x[:,19]*x[:,20]**(-1)*x[:,24]**(3)) + 4.301046687315459e9*(x[:,23]**(-3)) + 45899.5738311291*np.log(x[:,24]**(-1)) + -577587.5490265021*sqrtAbs(x[:,23]**(-1)) + 3.9652261213809976*sqrtAbs(x[:,0]**(3)*x[:,19]*x[:,24]**(-1))"

"[Term SqrtAbs (fromList [(0,2),(5,-2),(11,3),(15,-1),(24,-1)]),Term Log (fromList [(22,-3),(23,-3)]),Term Sin (fromList [(21,-2)]),Term Log (fromList [(10,2),(12,-1),(13,-2),(20,-2),(22,-1),(23,1)]),Term Log (fromList [(0,2),(5,-2),(13,-2),(20,-2),(22,2),(23,-3),(24,-2)]),Term Id (fromList [(5,-2),(21,-1)]),Term Id (fromList [(0,2),(5,-2),(24,-2)]),Term SqrtAbs (fromList [(0,1),(6,1),(10,1),(11,3),(23,-1),(24,1)]),Term Tanh (fromList [(10,2),(12,-1),(22,-3),(24,-2)]),Term Exp (fromList [(15,-1),(24,1)]),Term Tanh (fromList [(0,2),(2,2),(5,-2),(22,-3),(24,1)]),Term SqrtAbs (fromList [(24,2)]),Term Id (fromList [(13,-2),(20,-2),(22,2)]),Term Tanh (fromList [(24,-1)]),Term SqrtAbs (fromList [(11,3),(24,1)]),Term Exp (fromList [(22,-2)])]","[2.991034152343242e7,117.50479856905697,1801.5737381504634,-171113.74400679316,-910.1082097593167,-2237.5065300165966,5.177916273302197e7,-45681.09814527456,2.4126160735338385e-3,5743853.912356453,-57465.61050618564,25785.035492980325,764.9847646574968,1.088101086655359e8,-5580.41826135364,-2.219684007263891,-2.9875030080725007e7]","2.991034152343242e7 + 117.50479856905697*sqrtAbs(x[:,0]**(2)*x[:,5]**(-2)*x[:,11]**(3)*x[:,15]**(-1)*x[:,24]**(-1)) + 1801.5737381504634*np.log(x[:,22]**(-3)*x[:,23]**(-3)) + -171113.74400679316*np.sin(x[:,21]**(-2)) + -910.1082097593167*np.log(x[:,10]**(2)*x[:,12]**(-1)*x[:,13]**(-2)*x[:,20]**(-2)*x[:,22]**(-1)*x[:,23]) + -2237.5065300165966*np.log(x[:,0]**(2)*x[:,5]**(-2)*x[:,13]**(-2)*x[:,20]**(-2)*x[:,22]**(2)*x[:,23]**(-3)*x[:,24]**(-2)) + 5.177916273302197e7*(x[:,5]**(-2)*x[:,21]**(-1)) + -45681.09814527456*(x[:,0]**(2)*x[:,5]**(-2)*x[:,24]**(-2)) + 2.4126160735338385e-3*sqrtAbs(x[:,0]*x[:,6]*x[:,10]*x[:,11]**(3)*x[:,23]**(-1)*x[:,24]) + 5743853.912356453*np.tanh(x[:,10]**(2)*x[:,12]**(-1)*x[:,22]**(-3)*x[:,24]**(-2)) + -57465.61050618564*np.exp(x[:,15]**(-1)*x[:,24]) + 25785.035492980325*np.tanh(x[:,0]**(2)*x[:,2]**(2)*x[:,5]**(-2)*x[:,22]**(-3)*x[:,24]) + 764.9847646574968*sqrtAbs(x[:,24]**(2)) + 1.088101086655359e8*(x[:,13]**(-2)*x[:,20]**(-2)*x[:,22]**(2)) + -5580.41826135364*np.tanh(x[:,24]**(-1)) + -2.219684007263891*sqrtAbs(x[:,11]**(3)*x[:,24]) + -2.9875030080725007e7*np.exp(x[:,22]**(-2))"

"[Term SqrtAbs (fromList [(0,1),(9,-2),(15,3),(21,-3),(23,-2),(24,-1)]),Term Id (fromList [(12,1),(15,1),(20,2),(23,1),(24,-2)]),Term Cos (fromList [(9,-1),(23,-1),(24,1)]),Term SqrtAbs (fromList [(1,-1),(10,-3),(12,1),(13,1),(15,1),(20,-1),(22,1),(23,3),(24,-3)]),Term Log (fromList [(2,1),(9,-1),(10,2),(11,2),(15,2),(20,-3),(23,-1),(24,-2)]),Term Id (fromList [(0,1),(15,3),(20,2),(23,-2),(24,-1)]),Term Log (fromList [(0,2),(10,-3),(12,2),(15,-3),(20,1),(22,-1),(23,-1),(24,-2)]),Term SqrtAbs (fromList [(6,-1),(20,-3),(22,1)]),Term SqrtAbs (fromList [(0,2),(11,3),(15,-3),(20,-3),(23,-3)]),Term Log (fromList [(10,-3),(11,2),(20,-3),(22,1),(23,2),(24,-2)]),Term Cos (fromList [(24,-2)]),Term Sin (fromList [(24,-3)]),Term Id (fromList [(1,3),(6,-1),(10,-3),(20,2),(22,2),(23,3),(24,-2)]),Term Tanh (fromList [(6,-1),(10,-3),(20,2),(22,1),(23,2)]),Term SqrtAbs (fromList [(20,2)]),Term Id (fromList [(11,2),(20,-3)])]","[528192.3496383384,1175.695966239953,3.018945922306627e-7,-21906.82794916039,65.39580215936378,-121.17868637953762,6.594170742806206e-5,-1129.4850156811658,-3383132.644858958,8.378411354381415e7,961.284481374709,-474368.40957748395,-144295.0654002237,1.2363326543713911e-6,-1214.5401152885238,-250.1346768801812,-910023.8274189131]","528192.3496383384 + 1175.695966239953*sqrtAbs(x[:,0]*x[:,9]**(-2)*x[:,15]**(3)*x[:,21]**(-3)*x[:,23]**(-2)*x[:,24]**(-1)) + 3.018945922306627e-7*(x[:,12]*x[:,15]*x[:,20]**(2)*x[:,23]*x[:,24]**(-2)) + -21906.82794916039*np.cos(x[:,9]**(-1)*x[:,23]**(-1)*x[:,24]) + 65.39580215936378*sqrtAbs(x[:,1]**(-1)*x[:,10]**(-3)*x[:,12]*x[:,13]*x[:,15]*x[:,20]**(-1)*x[:,22]*x[:,23]**(3)*x[:,24]**(-3)) + -121.17868637953762*np.log(x[:,2]*x[:,9]**(-1)*x[:,10]**(2)*x[:,11]**(2)*x[:,15]**(2)*x[:,20]**(-3)*x[:,23]**(-1)*x[:,24]**(-2)) + 6.594170742806206e-5*(x[:,0]*x[:,15]**(3)*x[:,20]**(2)*x[:,23]**(-2)*x[:,24]**(-1)) + -1129.4850156811658*np.log(x[:,0]**(2)*x[:,10]**(-3)*x[:,12]**(2)*x[:,15]**(-3)*x[:,20]*x[:,22]**(-1)*x[:,23]**(-1)*x[:,24]**(-2)) + -3383132.644858958*sqrtAbs(x[:,6]**(-1)*x[:,20]**(-3)*x[:,22]) + 8.378411354381415e7*sqrtAbs(x[:,0]**(2)*x[:,11]**(3)*x[:,15]**(-3)*x[:,20]**(-3)*x[:,23]**(-3)) + 961.284481374709*np.log(x[:,10]**(-3)*x[:,11]**(2)*x[:,20]**(-3)*x[:,22]*x[:,23]**(2)*x[:,24]**(-2)) + -474368.40957748395*np.cos(x[:,24]**(-2)) + -144295.0654002237*np.sin(x[:,24]**(-3)) + 1.2363326543713911e-6*(x[:,1]**(3)*x[:,6]**(-1)*x[:,10]**(-3)*x[:,20]**(2)*x[:,22]**(2)*x[:,23]**(3)*x[:,24]**(-2)) + -1214.5401152885238*np.tanh(x[:,6]**(-1)*x[:,10]**(-3)*x[:,20]**(2)*x[:,22]*x[:,23]**(2)) + -250.1346768801812*sqrtAbs(x[:,20]**(2)) + -910023.8274189131*(x[:,11]**(2)*x[:,20]**(-3))"

"[Term Exp (fromList [(9,3),(22,-2),(24,-1)]),Term Sin (fromList [(21,-2)]),Term Log (fromList [(0,3),(5,-2),(11,2),(19,-3),(21,-1),(22,1),(23,3)]),Term Id (fromList [(5,-2),(11,2),(21,-1),(22,1),(23,3)]),Term SqrtAbs (fromList [(5,-2),(11,2),(21,-1),(22,1),(23,-2)]),Term Log (fromList [(0,3),(12,2),(14,-1),(19,-3),(24,-3)]),Term Sin (fromList [(23,-2),(24,2)]),Term Log (fromList [(22,1),(23,-3),(24,1)]),Term Id (fromList [(24,-2)]),Term Id (fromList [(5,-2),(23,-2),(24,3)]),Term Id (fromList [(6,3),(19,-3)]),Term Id (fromList [(9,3),(22,-2),(23,-2)]),Term Log (fromList [(4,1),(11,-3),(22,1)]),Term Id (fromList [(0,3),(12,2),(19,-3),(24,-1)]),Term Id (fromList [(11,2),(24,1)]),Term SqrtAbs (fromList [(24,2)])]","[53397.78931515098,-49539.25361389746,-308303.75590137695,-171.30022932011013,1.5073778914862246e-6,38145.59518044138,-132.39639126517187,124714.71210317667,-500.4608635960859,-4282.854110463447,-3.36444133895991e7,3333.745821221227,1.7700691532235938e8,1179.686150804088,5.920744915886839,-2.577397666105321e-2,710.2882689103848]","53397.78931515098 + -49539.25361389746*np.exp(x[:,9]**(3)*x[:,22]**(-2)*x[:,24]**(-1)) + -308303.75590137695*np.sin(x[:,21]**(-2)) + -171.30022932011013*np.log(x[:,0]**(3)*x[:,5]**(-2)*x[:,11]**(2)*x[:,19]**(-3)*x[:,21]**(-1)*x[:,22]*x[:,23]**(3)) + 1.5073778914862246e-6*(x[:,5]**(-2)*x[:,11]**(2)*x[:,21]**(-1)*x[:,22]*x[:,23]**(3)) + 38145.59518044138*sqrtAbs(x[:,5]**(-2)*x[:,11]**(2)*x[:,21]**(-1)*x[:,22]*x[:,23]**(-2)) + -132.39639126517187*np.log(x[:,0]**(3)*x[:,12]**(2)*x[:,14]**(-1)*x[:,19]**(-3)*x[:,24]**(-3)) + 124714.71210317667*np.sin(x[:,23]**(-2)*x[:,24]**(2)) + -500.4608635960859*np.log(x[:,22]*x[:,23]**(-3)*x[:,24]) + -4282.854110463447*(x[:,24]**(-2)) + -3.36444133895991e7*(x[:,5]**(-2)*x[:,23]**(-2)*x[:,24]**(3)) + 3333.745821221227*(x[:,6]**(3)*x[:,19]**(-3)) + 1.7700691532235938e8*(x[:,9]**(3)*x[:,22]**(-2)*x[:,23]**(-2)) + 1179.686150804088*np.log(x[:,4]*x[:,11]**(-3)*x[:,22]) + 5.920744915886839*(x[:,0]**(3)*x[:,12]**(2)*x[:,19]**(-3)*x[:,24]**(-1)) + -2.577397666105321e-2*(x[:,11]**(2)*x[:,24]) + 710.2882689103848*sqrtAbs(x[:,24]**(2))"

"[Term SqrtAbs (fromList [(11,-2),(20,-3),(24,1)]),Term Tanh (fromList [(0,-3),(11,-1),(20,-2),(23,1)]),Term SqrtAbs (fromList [(0,-3),(5,-1),(11,-1),(13,-1),(21,-3),(22,-2),(23,1),(24,2)]),Term SqrtAbs (fromList [(4,1),(22,-1)]),Term SqrtAbs (fromList [(0,-3),(8,-1),(14,-2),(21,-3),(22,-3),(23,-2),(24,2)]),Term SqrtAbs (fromList [(21,-3)]),Term Log (fromList [(7,-1),(12,2),(24,-3)]),Term Cos (fromList [(0,-1),(12,2),(22,-2)]),Term Exp (fromList [(5,-2),(23,-2)]),Term Tanh (fromList [(23,-1)]),Term Log (fromList [(5,-1),(23,-1),(24,1)]),Term Tanh (fromList [(0,-3),(8,-1),(13,-1),(14,-2),(23,1),(24,-1)]),Term Sin (fromList [(5,-1)]),Term Id (fromList [(20,-2)]),Term Log (fromList [(11,-1),(20,-2)]),Term Sin (fromList [(23,-1),(24,1)])]","[1.6252058051085608e11,3.5856860891232973e8,2.3954511357767532e11,-1.1682309888628893e9,1726.3703496763487,-9.243942717978483e13,69798.01375525616,-2539.0680582001564,43676.36051732042,-1.6252058803981323e11,2191635.2194731766,-11617.911803826559,-7.773736839941223e13,1005450.4237867643,-2.2126813005895174e8,9012.373907848065,-12948.126207220983]","1.6252058051085608e11 + 3.5856860891232973e8*sqrtAbs(x[:,11]**(-2)*x[:,20]**(-3)*x[:,24]) + 2.3954511357767532e11*np.tanh(x[:,0]**(-3)*x[:,11]**(-1)*x[:,20]**(-2)*x[:,23]) + -1.1682309888628893e9*sqrtAbs(x[:,0]**(-3)*x[:,5]**(-1)*x[:,11]**(-1)*x[:,13]**(-1)*x[:,21]**(-3)*x[:,22]**(-2)*x[:,23]*x[:,24]**(2)) + 1726.3703496763487*sqrtAbs(x[:,4]*x[:,22]**(-1)) + -9.243942717978483e13*sqrtAbs(x[:,0]**(-3)*x[:,8]**(-1)*x[:,14]**(-2)*x[:,21]**(-3)*x[:,22]**(-3)*x[:,23]**(-2)*x[:,24]**(2)) + 69798.01375525616*sqrtAbs(x[:,21]**(-3)) + -2539.0680582001564*np.log(x[:,7]**(-1)*x[:,12]**(2)*x[:,24]**(-3)) + 43676.36051732042*np.cos(x[:,0]**(-1)*x[:,12]**(2)*x[:,22]**(-2)) + -1.6252058803981323e11*np.exp(x[:,5]**(-2)*x[:,23]**(-2)) + 2191635.2194731766*np.tanh(x[:,23]**(-1)) + -11617.911803826559*np.log(x[:,5]**(-1)*x[:,23]**(-1)*x[:,24]) + -7.773736839941223e13*np.tanh(x[:,0]**(-3)*x[:,8]**(-1)*x[:,13]**(-1)*x[:,14]**(-2)*x[:,23]*x[:,24]**(-1)) + 1005450.4237867643*np.sin(x[:,5]**(-1)) + -2.2126813005895174e8*(x[:,20]**(-2)) + 9012.373907848065*np.log(x[:,11]**(-1)*x[:,20]**(-2)) + -12948.126207220983*np.sin(x[:,23]**(-1)*x[:,24])"

"[Term Cos (fromList [(5,-1),(8,-3),(15,3),(23,2),(24,-1)]),Term Log (fromList [(0,-3),(2,-1),(19,-1),(22,1),(23,-1),(24,-2)]),Term Id (fromList [(10,-1),(19,-3)]),Term Sin (fromList [(3,-3),(8,-3),(15,3)]),Term SqrtAbs (fromList [(5,1),(6,-1),(12,-2),(15,3)]),Term Sin (fromList [(22,1)]),Term Exp (fromList [(24,-2)]),Term Log (fromList [(5,-1),(8,-3),(15,3),(24,-3)]),Term Sin (fromList [(17,-3),(21,-1),(23,-2)]),Term Sin (fromList [(17,-3),(21,-1)]),Term Cos (fromList [(8,-3),(9,3),(15,3),(24,-2)]),Term Log (fromList [(10,-1),(11,-3),(19,-3),(20,-2),(22,-2)]),Term SqrtAbs (fromList [(10,-1),(19,-3),(20,-2)]),Term Log (fromList [(24,1)]),Term Log (fromList [(22,-3)]),Term Log (fromList [(0,-3),(22,-2),(23,-1),(24,-3)])]","[217842.04748662494,-5.066256432370026,-8390.909561738506,7.927930011169361e12,496246.9768385389,301.1624465954545,-8.789503587939784,925.4003245229544,-116.78755860763664,-4.520364946897059e12,2.983547622833469e8,-33.94307258239598,6082.106916511053,-7.806809060246928e10,10734.572219493792,-13253.37938328193,9284.35737454124]","217842.04748662494 + -5.066256432370026*np.cos(x[:,5]**(-1)*x[:,8]**(-3)*x[:,15]**(3)*x[:,23]**(2)*x[:,24]**(-1)) + -8390.909561738506*np.log(x[:,0]**(-3)*x[:,2]**(-1)*x[:,19]**(-1)*x[:,22]*x[:,23]**(-1)*x[:,24]**(-2)) + 7.927930011169361e12*(x[:,10]**(-1)*x[:,19]**(-3)) + 496246.9768385389*np.sin(x[:,3]**(-3)*x[:,8]**(-3)*x[:,15]**(3)) + 301.1624465954545*sqrtAbs(x[:,5]*x[:,6]**(-1)*x[:,12]**(-2)*x[:,15]**(3)) + -8.789503587939784*np.sin(x[:,22]) + 925.4003245229544*np.exp(x[:,24]**(-2)) + -116.78755860763664*np.log(x[:,5]**(-1)*x[:,8]**(-3)*x[:,15]**(3)*x[:,24]**(-3)) + -4.520364946897059e12*np.sin(x[:,17]**(-3)*x[:,21]**(-1)*x[:,23]**(-2)) + 2.983547622833469e8*np.sin(x[:,17]**(-3)*x[:,21]**(-1)) + -33.94307258239598*np.cos(x[:,8]**(-3)*x[:,9]**(3)*x[:,15]**(3)*x[:,24]**(-2)) + 6082.106916511053*np.log(x[:,10]**(-1)*x[:,11]**(-3)*x[:,19]**(-3)*x[:,20]**(-2)*x[:,22]**(-2)) + -7.806809060246928e10*sqrtAbs(x[:,10]**(-1)*x[:,19]**(-3)*x[:,20]**(-2)) + 10734.572219493792*np.log(x[:,24]) + -13253.37938328193*np.log(x[:,22]**(-3)) + 9284.35737454124*np.log(x[:,0]**(-3)*x[:,22]**(-2)*x[:,23]**(-1)*x[:,24]**(-3))"

"[Term Tanh (fromList [(0,2),(8,3),(11,-1),(14,-2),(18,2),(20,-1)]),Term SqrtAbs (fromList [(3,-2),(4,-2),(11,-1),(20,-1),(24,-3)]),Term Log (fromList [(0,3),(2,2),(15,-1),(20,3),(22,-3),(24,1)]),Term SqrtAbs (fromList [(0,3),(2,2),(5,3),(6,-3),(11,2),(14,-2),(20,3),(22,-3),(23,-3)]),Term SqrtAbs (fromList [(0,3),(2,2),(4,1),(6,-3),(11,-2),(14,-2),(20,2),(22,-3),(23,-3),(24,-2)]),Term Cos (fromList [(11,-1),(17,-3),(20,-1),(24,3)]),Term Exp (fromList [(22,-2)]),Term Log (fromList [(0,2),(4,-2),(11,-1),(14,-2),(20,-1),(24,-3)]),Term SqrtAbs (fromList [(0,2),(11,-1),(14,-2),(18,2),(20,-1),(24,-2)]),Term Sin (fromList [(3,-2),(24,-1)]),Term Id (fromList [(11,-1),(20,-1)]),Term SqrtAbs (fromList [(0,2),(2,2),(6,-3),(11,-1),(19,3),(20,-1),(22,-3),(24,-1)]),Term Log (fromList [(0,2),(2,2),(5,3),(6,-3),(24,3)]),Term SqrtAbs (fromList [(2,2),(22,-1)]),Term Exp (fromList [(20,-3)]),Term Log (fromList [(0,1),(24,3)])]","[-3.6214019375569696e11,-25.127386589755666,-2.5791186876927958e9,-856.7454687965711,10.55260248643253,2.4311829532431717e9,3.7841569061615717e11,-7725421.338738899,-419.98470473542704,21132.588745426056,1396935.3706432956,5.1845352116542065e8,28972.74945550509,598.8594893937022,477.59745368415895,-1.6267796301472097e10,-662.1346203313113]","-3.6214019375569696e11 + -25.127386589755666*np.tanh(x[:,0]**(2)*x[:,8]**(3)*x[:,11]**(-1)*x[:,14]**(-2)*x[:,18]**(2)*x[:,20]**(-1)) + -2.5791186876927958e9*sqrtAbs(x[:,3]**(-2)*x[:,4]**(-2)*x[:,11]**(-1)*x[:,20]**(-1)*x[:,24]**(-3)) + -856.7454687965711*np.log(x[:,0]**(3)*x[:,2]**(2)*x[:,15]**(-1)*x[:,20]**(3)*x[:,22]**(-3)*x[:,24]) + 10.55260248643253*sqrtAbs(x[:,0]**(3)*x[:,2]**(2)*x[:,5]**(3)*x[:,6]**(-3)*x[:,11]**(2)*x[:,14]**(-2)*x[:,20]**(3)*x[:,22]**(-3)*x[:,23]**(-3)) + 2.4311829532431717e9*sqrtAbs(x[:,0]**(3)*x[:,2]**(2)*x[:,4]*x[:,6]**(-3)*x[:,11]**(-2)*x[:,14]**(-2)*x[:,20]**(2)*x[:,22]**(-3)*x[:,23]**(-3)*x[:,24]**(-2)) + 3.7841569061615717e11*np.cos(x[:,11]**(-1)*x[:,17]**(-3)*x[:,20]**(-1)*x[:,24]**(3)) + -7725421.338738899*np.exp(x[:,22]**(-2)) + -419.98470473542704*np.log(x[:,0]**(2)*x[:,4]**(-2)*x[:,11]**(-1)*x[:,14]**(-2)*x[:,20]**(-1)*x[:,24]**(-3)) + 21132.588745426056*sqrtAbs(x[:,0]**(2)*x[:,11]**(-1)*x[:,14]**(-2)*x[:,18]**(2)*x[:,20]**(-1)*x[:,24]**(-2)) + 1396935.3706432956*np.sin(x[:,3]**(-2)*x[:,24]**(-1)) + 5.1845352116542065e8*(x[:,11]**(-1)*x[:,20]**(-1)) + 28972.74945550509*sqrtAbs(x[:,0]**(2)*x[:,2]**(2)*x[:,6]**(-3)*x[:,11]**(-1)*x[:,19]**(3)*x[:,20]**(-1)*x[:,22]**(-3)*x[:,24]**(-1)) + 598.8594893937022*np.log(x[:,0]**(2)*x[:,2]**(2)*x[:,5]**(3)*x[:,6]**(-3)*x[:,24]**(3)) + 477.59745368415895*sqrtAbs(x[:,2]**(2)*x[:,22]**(-1)) + -1.6267796301472097e10*np.exp(x[:,20]**(-3)) + -662.1346203313113*np.log(x[:,0]*x[:,24]**(3))"

"[Term Log (fromList [(8,3),(14,3),(17,2),(21,-3),(22,2),(24,-3)]),Term Exp (fromList [(0,-3),(3,-1),(5,1),(7,3),(9,3),(11,-3),(16,1),(17,2),(20,-1),(21,-3),(22,3),(24,-2)]),Term Log (fromList [(0,-3),(3,-1),(7,3),(9,3),(11,-3),(20,-1),(22,1),(23,-1),(24,1)]),Term Log (fromList [(2,-1),(17,2),(21,-3),(22,2),(24,2)]),Term Tanh (fromList [(13,-3),(24,-1)]),Term Id (fromList [(0,-3),(6,1),(20,-1),(22,2),(23,1)]),Term Exp (fromList [(5,1),(23,-2)]),Term Tanh (fromList [(0,-3),(2,1),(6,3),(20,-1),(23,-1)]),Term Exp (fromList [(0,-3),(3,-1),(7,3),(9,3),(11,-3),(20,-1),(22,1),(24,-2)]),Term Sin (fromList [(22,1)]),Term Id (fromList [(17,2),(23,-1)]),Term SqrtAbs (fromList [(15,2),(24,-1)]),Term SqrtAbs (fromList [(0,-3),(11,-3),(19,1),(20,-1)]),Term Sin (fromList [(0,-3),(6,1),(20,-1),(22,2)]),Term Tanh (fromList [(17,2),(21,-3),(22,2)]),Term SqrtAbs (fromList [(0,-3),(20,-1)])]","[-1.101123574266413e11,-237.1183558651594,-415806.46700875997,7.236170679685621,257.98062240867137,-3.559573262352188e10,49.422403341039036,200080.27994003883,2926.022287839588,1.1011257480267899e11,-6.3940367532909415,-1.8455056359570818,96.73605150375977,4.337661581048155e9,-5586.797234872207,56.916240809058664,-2.355397843581923e7]","-1.101123574266413e11 + -237.1183558651594*np.log(x[:,8]**(3)*x[:,14]**(3)*x[:,17]**(2)*x[:,21]**(-3)*x[:,22]**(2)*x[:,24]**(-3)) + -415806.46700875997*np.exp(x[:,0]**(-3)*x[:,3]**(-1)*x[:,5]*x[:,7]**(3)*x[:,9]**(3)*x[:,11]**(-3)*x[:,16]*x[:,17]**(2)*x[:,20]**(-1)*x[:,21]**(-3)*x[:,22]**(3)*x[:,24]**(-2)) + 7.236170679685621*np.log(x[:,0]**(-3)*x[:,3]**(-1)*x[:,7]**(3)*x[:,9]**(3)*x[:,11]**(-3)*x[:,20]**(-1)*x[:,22]*x[:,23]**(-1)*x[:,24]) + 257.98062240867137*np.log(x[:,2]**(-1)*x[:,17]**(2)*x[:,21]**(-3)*x[:,22]**(2)*x[:,24]**(2)) + -3.559573262352188e10*np.tanh(x[:,13]**(-3)*x[:,24]**(-1)) + 49.422403341039036*(x[:,0]**(-3)*x[:,6]*x[:,20]**(-1)*x[:,22]**(2)*x[:,23]) + 200080.27994003883*np.exp(x[:,5]*x[:,23]**(-2)) + 2926.022287839588*np.tanh(x[:,0]**(-3)*x[:,2]*x[:,6]**(3)*x[:,20]**(-1)*x[:,23]**(-1)) + 1.1011257480267899e11*np.exp(x[:,0]**(-3)*x[:,3]**(-1)*x[:,7]**(3)*x[:,9]**(3)*x[:,11]**(-3)*x[:,20]**(-1)*x[:,22]*x[:,24]**(-2)) + -6.3940367532909415*np.sin(x[:,22]) + -1.8455056359570818*(x[:,17]**(2)*x[:,23]**(-1)) + 96.73605150375977*sqrtAbs(x[:,15]**(2)*x[:,24]**(-1)) + 4.337661581048155e9*sqrtAbs(x[:,0]**(-3)*x[:,11]**(-3)*x[:,19]*x[:,20]**(-1)) + -5586.797234872207*np.sin(x[:,0]**(-3)*x[:,6]*x[:,20]**(-1)*x[:,22]**(2)) + 56.916240809058664*np.tanh(x[:,17]**(2)*x[:,21]**(-3)*x[:,22]**(2)) + -2.355397843581923e7*sqrtAbs(x[:,0]**(-3)*x[:,20]**(-1))"

"[Term Id (fromList [(21,-1),(22,3),(24,-3)]),Term Sin (fromList [(23,-2)]),Term SqrtAbs (fromList [(0,1),(20,1)]),Term Log (fromList [(23,-3),(24,-2)]),Term Log (fromList [(11,1),(12,1),(23,-2),(24,3)]),Term Id (fromList [(12,-3),(24,1)]),Term Cos (fromList [(5,2),(12,1),(23,-2),(24,-1)]),Term Id (fromList [(21,-3),(24,-2)]),Term Tanh (fromList [(0,1),(21,-3),(24,-2)]),Term Sin (fromList [(5,2),(23,-3),(24,1)]),Term Log (fromList [(5,2),(12,1),(20,-2),(22,3),(23,-1),(24,3)]),Term SqrtAbs (fromList [(15,-2),(20,-2),(24,-2)]),Term Id (fromList [(20,-2)]),Term Id (fromList [(23,2)]),Term Log (fromList [(20,-2),(23,1)]),Term Sin (fromList [(23,-2),(24,3)])]","[-36747.31361645051,4.352195104103349,1.964198886307867e8,-22.95283881577267,-8177.852694798492,-7299.3283659016315,1.2568057507683368e9,-19.863557055254823,-8.60861399703394e9,3.1946050586806893e8,24270.297258682123,254.94549484877078,-3.4276228885667896e8,-2.3005542262593156e8,-0.7601398058142743,11453.067551169477,-3454.639072270788]","-36747.31361645051 + 4.352195104103349*(x[:,21]**(-1)*x[:,22]**(3)*x[:,24]**(-3)) + 1.964198886307867e8*np.sin(x[:,23]**(-2)) + -22.95283881577267*sqrtAbs(x[:,0]*x[:,20]) + -8177.852694798492*np.log(x[:,23]**(-3)*x[:,24]**(-2)) + -7299.3283659016315*np.log(x[:,11]*x[:,12]*x[:,23]**(-2)*x[:,24]**(3)) + 1.2568057507683368e9*(x[:,12]**(-3)*x[:,24]) + -19.863557055254823*np.cos(x[:,5]**(2)*x[:,12]*x[:,23]**(-2)*x[:,24]**(-1)) + -8.60861399703394e9*(x[:,21]**(-3)*x[:,24]**(-2)) + 3.1946050586806893e8*np.tanh(x[:,0]*x[:,21]**(-3)*x[:,24]**(-2)) + 24270.297258682123*np.sin(x[:,5]**(2)*x[:,23]**(-3)*x[:,24]) + 254.94549484877078*np.log(x[:,5]**(2)*x[:,12]*x[:,20]**(-2)*x[:,22]**(3)*x[:,23]**(-1)*x[:,24]**(3)) + -3.4276228885667896e8*sqrtAbs(x[:,15]**(-2)*x[:,20]**(-2)*x[:,24]**(-2)) + -2.3005542262593156e8*(x[:,20]**(-2)) + -0.7601398058142743*(x[:,23]**(2)) + 11453.067551169477*np.log(x[:,20]**(-2)*x[:,23]) + -3454.639072270788*np.sin(x[:,23]**(-2)*x[:,24]**(3))"

"[Term SqrtAbs (fromList [(0,2),(3,-3),(4,3),(5,-2),(11,-2),(20,-1),(21,-2),(22,2),(23,1),(24,-2)]),Term Exp (fromList [(0,-3),(1,-1),(2,3),(6,2),(7,1),(13,-3),(24,-1)]),Term Log (fromList [(11,-3),(12,3),(21,-3),(22,2),(24,-2)]),Term Sin (fromList [(0,-3),(2,3),(6,2),(7,1),(13,-3),(22,-2),(24,-1)]),Term SqrtAbs (fromList [(11,-1),(15,-1),(19,-1),(20,-3),(24,-2)]),Term Log (fromList [(4,-1),(5,-2),(22,-3),(23,1),(24,-2)]),Term Id (fromList [(3,3),(12,-3),(15,1),(21,-2)]),Term Sin (fromList [(5,3),(20,-3),(23,-1)]),Term Log (fromList [(0,2),(4,-1),(22,-1),(23,1),(24,-1)]),Term Sin (fromList [(0,-3),(1,1),(3,-1),(6,2),(7,1),(9,3),(13,-3),(20,-3),(21,2)]),Term Tanh (fromList [(5,-2),(22,-3),(24,1)]),Term Sin (fromList [(11,-2),(20,-1)]),Term Sin (fromList [(24,-1)]),Term SqrtAbs (fromList [(2,3),(24,-1)]),Term Cos (fromList [(21,-1)]),Term Exp (fromList [(20,-3)])]","[7.673784630217574e9,99940.41851436548,3367.631981747396,2.4747289639988868,1.1756382853736142e7,-6.1959866155443016e10,-107.21209046830741,378782.6964140024,158850.36910410397,-278.8610988905738,3.553655296594831e7,-4.004134708095822e10,4.167965784728128e10,25374.242108573035,1.9769617952568364,703986.6851964571,-7.674503090231789e9]","7.673784630217574e9 + 99940.41851436548*sqrtAbs(x[:,0]**(2)*x[:,3]**(-3)*x[:,4]**(3)*x[:,5]**(-2)*x[:,11]**(-2)*x[:,20]**(-1)*x[:,21]**(-2)*x[:,22]**(2)*x[:,23]*x[:,24]**(-2)) + 3367.631981747396*np.exp(x[:,0]**(-3)*x[:,1]**(-1)*x[:,2]**(3)*x[:,6]**(2)*x[:,7]*x[:,13]**(-3)*x[:,24]**(-1)) + 2.4747289639988868*np.log(x[:,11]**(-3)*x[:,12]**(3)*x[:,21]**(-3)*x[:,22]**(2)*x[:,24]**(-2)) + 1.1756382853736142e7*np.sin(x[:,0]**(-3)*x[:,2]**(3)*x[:,6]**(2)*x[:,7]*x[:,13]**(-3)*x[:,22]**(-2)*x[:,24]**(-1)) + -6.1959866155443016e10*sqrtAbs(x[:,11]**(-1)*x[:,15]**(-1)*x[:,19]**(-1)*x[:,20]**(-3)*x[:,24]**(-2)) + -107.21209046830741*np.log(x[:,4]**(-1)*x[:,5]**(-2)*x[:,22]**(-3)*x[:,23]*x[:,24]**(-2)) + 378782.6964140024*(x[:,3]**(3)*x[:,12]**(-3)*x[:,15]*x[:,21]**(-2)) + 158850.36910410397*np.sin(x[:,5]**(3)*x[:,20]**(-3)*x[:,23]**(-1)) + -278.8610988905738*np.log(x[:,0]**(2)*x[:,4]**(-1)*x[:,22]**(-1)*x[:,23]*x[:,24]**(-1)) + 3.553655296594831e7*np.sin(x[:,0]**(-3)*x[:,1]*x[:,3]**(-1)*x[:,6]**(2)*x[:,7]*x[:,9]**(3)*x[:,13]**(-3)*x[:,20]**(-3)*x[:,21]**(2)) + -4.004134708095822e10*np.tanh(x[:,5]**(-2)*x[:,22]**(-3)*x[:,24]) + 4.167965784728128e10*np.sin(x[:,11]**(-2)*x[:,20]**(-1)) + 25374.242108573035*np.sin(x[:,24]**(-1)) + 1.9769617952568364*sqrtAbs(x[:,2]**(3)*x[:,24]**(-1)) + 703986.6851964571*np.cos(x[:,21]**(-1)) + -7.674503090231789e9*np.exp(x[:,20]**(-3))"

"[Term SqrtAbs (fromList [(0,-2),(13,-3),(22,2),(24,2)]),Term Id (fromList [(9,3),(23,-1),(24,1)]),Term Id (fromList [(9,-2),(16,3),(19,1),(22,-1)]),Term Id (fromList [(23,-1)]),Term Log (fromList [(4,-1)]),Term Log (fromList [(5,3),(23,3)]),Term Id (fromList [(3,-3),(5,-1),(14,-1),(20,3),(22,1)]),Term SqrtAbs (fromList [(0,3),(3,-3),(5,2),(11,-3),(14,-1),(20,3),(23,3),(24,-3)]),Term SqrtAbs (fromList [(5,-1),(14,2),(20,3),(24,1)]),Term Sin (fromList [(2,1),(3,1),(22,-3)]),Term Tanh (fromList [(22,-3),(23,2)]),Term SqrtAbs (fromList [(4,-1),(23,1),(24,-1)]),Term Log (fromList [(11,3),(12,2),(15,-2),(23,-1)]),Term Id (fromList [(0,-2),(22,2),(24,1)]),Term SqrtAbs (fromList [(5,-3),(11,-3),(20,3),(23,3)]),Term Cos (fromList [(14,-1)])]","[-1.683129635997139e7,-26646.068044437543,0.18567063458015245,1.648243705859256e-5,1290292.1422050265,147.19590189913606,1239.4017712841076,71.32343329505413,0.38360401605661637,-1.7495468008061368e-2,73541.51523919524,-10451.547699829034,-2708.0971432436186,-4390.731819486612,4.591892662985225,1085.0646355730023,1.683721469276091e7]","-1.683129635997139e7 + -26646.068044437543*sqrtAbs(x[:,0]**(-2)*x[:,13]**(-3)*x[:,22]**(2)*x[:,24]**(2)) + 0.18567063458015245*(x[:,9]**(3)*x[:,23]**(-1)*x[:,24]) + 1.648243705859256e-5*(x[:,9]**(-2)*x[:,16]**(3)*x[:,19]*x[:,22]**(-1)) + 1290292.1422050265*(x[:,23]**(-1)) + 147.19590189913606*np.log(x[:,4]**(-1)) + 1239.4017712841076*np.log(x[:,5]**(3)*x[:,23]**(3)) + 71.32343329505413*(x[:,3]**(-3)*x[:,5]**(-1)*x[:,14]**(-1)*x[:,20]**(3)*x[:,22]) + 0.38360401605661637*sqrtAbs(x[:,0]**(3)*x[:,3]**(-3)*x[:,5]**(2)*x[:,11]**(-3)*x[:,14]**(-1)*x[:,20]**(3)*x[:,23]**(3)*x[:,24]**(-3)) + -1.7495468008061368e-2*sqrtAbs(x[:,5]**(-1)*x[:,14]**(2)*x[:,20]**(3)*x[:,24]) + 73541.51523919524*np.sin(x[:,2]*x[:,3]*x[:,22]**(-3)) + -10451.547699829034*np.tanh(x[:,22]**(-3)*x[:,23]**(2)) + -2708.0971432436186*sqrtAbs(x[:,4]**(-1)*x[:,23]*x[:,24]**(-1)) + -4390.731819486612*np.log(x[:,11]**(3)*x[:,12]**(2)*x[:,15]**(-2)*x[:,23]**(-1)) + 4.591892662985225*(x[:,0]**(-2)*x[:,22]**(2)*x[:,24]) + 1085.0646355730023*sqrtAbs(x[:,5]**(-3)*x[:,11]**(-3)*x[:,20]**(3)*x[:,23]**(3)) + 1.683721469276091e7*np.cos(x[:,14]**(-1))"

"[Term Id (fromList [(9,-1),(11,-1),(12,-1),(21,1),(22,2),(23,-1)]),Term Id (fromList [(15,3),(19,-3)]),Term Id (fromList [(7,-1),(12,-1),(21,1),(22,-1),(24,3)]),Term Tanh (fromList [(17,-2),(24,-2)]),Term SqrtAbs (fromList [(19,-3),(23,2)]),Term Tanh (fromList [(1,-2),(10,2),(19,-3),(21,1),(23,-1),(24,-2)]),Term Log (fromList [(11,2),(23,-1),(24,-2)]),Term Log (fromList [(19,-3),(24,-2)]),Term Id (fromList [(10,1),(13,-1),(22,-1),(23,1)]),Term Exp (fromList [(14,-3),(15,3),(23,-3)]),Term Cos (fromList [(23,-1)]),Term Exp (fromList [(0,2),(5,-1),(11,2),(22,-3),(23,-1)]),Term Id (fromList [(6,2),(12,-2),(23,-1)]),Term Log (fromList [(0,3),(5,-3),(13,-2),(22,-3),(23,2)]),Term Cos (fromList [(10,1),(22,-1)]),Term Exp (fromList [(19,-3)])]","[2.3858825815912617e10,-381.3153926843088,3034.238835872715,15.332942264547068,-449791.0380091582,-53672.39269010816,3146597.0510873985,-11221.522683820727,11223.514550717595,-204.44621428276542,1.294774543611431e9,-3.483595444375336e7,196723.6351305436,666114.3947617748,-542.0815233114294,-90.60611332632791,-2.511873466889159e10]","2.3858825815912617e10 + -381.3153926843088*(x[:,9]**(-1)*x[:,11]**(-1)*x[:,12]**(-1)*x[:,21]*x[:,22]**(2)*x[:,23]**(-1)) + 3034.238835872715*(x[:,15]**(3)*x[:,19]**(-3)) + 15.332942264547068*(x[:,7]**(-1)*x[:,12]**(-1)*x[:,21]*x[:,22]**(-1)*x[:,24]**(3)) + -449791.0380091582*np.tanh(x[:,17]**(-2)*x[:,24]**(-2)) + -53672.39269010816*sqrtAbs(x[:,19]**(-3)*x[:,23]**(2)) + 3146597.0510873985*np.tanh(x[:,1]**(-2)*x[:,10]**(2)*x[:,19]**(-3)*x[:,21]*x[:,23]**(-1)*x[:,24]**(-2)) + -11221.522683820727*np.log(x[:,11]**(2)*x[:,23]**(-1)*x[:,24]**(-2)) + 11223.514550717595*np.log(x[:,19]**(-3)*x[:,24]**(-2)) + -204.44621428276542*(x[:,10]*x[:,13]**(-1)*x[:,22]**(-1)*x[:,23]) + 1.294774543611431e9*np.exp(x[:,14]**(-3)*x[:,15]**(3)*x[:,23]**(-3)) + -3.483595444375336e7*np.cos(x[:,23]**(-1)) + 196723.6351305436*np.exp(x[:,0]**(2)*x[:,5]**(-1)*x[:,11]**(2)*x[:,22]**(-3)*x[:,23]**(-1)) + 666114.3947617748*(x[:,6]**(2)*x[:,12]**(-2)*x[:,23]**(-1)) + -542.0815233114294*np.log(x[:,0]**(3)*x[:,5]**(-3)*x[:,13]**(-2)*x[:,22]**(-3)*x[:,23]**(2)) + -90.60611332632791*np.cos(x[:,10]*x[:,22]**(-1)) + -2.511873466889159e10*np.exp(x[:,19]**(-3))"

"[Term Log (fromList [(14,1),(22,3)]),Term SqrtAbs (fromList [(8,-1),(20,-3),(21,1),(22,-3),(24,-2)]),Term Exp (fromList [(5,2),(23,-3)]),Term Log (fromList [(11,-3),(12,-2),(15,3),(22,1),(23,2)]),Term Id (fromList [(23,3)]),Term Sin (fromList [(23,-1),(24,-2)]),Term SqrtAbs (fromList [(0,-3),(3,-3),(7,3),(11,1),(13,1),(22,2),(23,-2),(24,3)]),Term Id (fromList [(12,-2),(15,3),(22,-2)]),Term Sin (fromList [(0,-3),(4,-2),(5,2),(10,1),(11,-3),(20,2),(23,-1)]),Term Sin (fromList [(0,-3),(3,-3),(7,3),(22,2),(24,-3)]),Term Sin (fromList [(0,-2),(4,-2),(9,-3),(18,2),(20,2),(22,1),(23,-2),(24,3)]),Term Tanh (fromList [(23,-1)]),Term Id (fromList [(4,-2),(20,2),(22,-1)]),Term Tanh (fromList [(0,-2),(24,-3)]),Term SqrtAbs (fromList [(12,3),(22,1),(23,-1)]),Term Cos (fromList [(11,1),(13,1),(23,-2)])]","[-273278.24137142976,-1339.8652770928593,-5.116032224629222e8,285325.01661306195,4735.852180889216,-1.2414204099924086e-4,1486706.1335197603,-2.807340216301817,-84284.81719613176,1.629445086245699e8,2007736.1766031082,33.73645059751004,219340.68080471587,-8665.313482395082,-2.437795865355609e7,-2.1897035482435694,-1994.451755402775]","-273278.24137142976 + -1339.8652770928593*np.log(x[:,14]*x[:,22]**(3)) + -5.116032224629222e8*sqrtAbs(x[:,8]**(-1)*x[:,20]**(-3)*x[:,21]*x[:,22]**(-3)*x[:,24]**(-2)) + 285325.01661306195*np.exp(x[:,5]**(2)*x[:,23]**(-3)) + 4735.852180889216*np.log(x[:,11]**(-3)*x[:,12]**(-2)*x[:,15]**(3)*x[:,22]*x[:,23]**(2)) + -1.2414204099924086e-4*(x[:,23]**(3)) + 1486706.1335197603*np.sin(x[:,23]**(-1)*x[:,24]**(-2)) + -2.807340216301817*sqrtAbs(x[:,0]**(-3)*x[:,3]**(-3)*x[:,7]**(3)*x[:,11]*x[:,13]*x[:,22]**(2)*x[:,23]**(-2)*x[:,24]**(3)) + -84284.81719613176*(x[:,12]**(-2)*x[:,15]**(3)*x[:,22]**(-2)) + 1.629445086245699e8*np.sin(x[:,0]**(-3)*x[:,4]**(-2)*x[:,5]**(2)*x[:,10]*x[:,11]**(-3)*x[:,20]**(2)*x[:,23]**(-1)) + 2007736.1766031082*np.sin(x[:,0]**(-3)*x[:,3]**(-3)*x[:,7]**(3)*x[:,22]**(2)*x[:,24]**(-3)) + 33.73645059751004*np.sin(x[:,0]**(-2)*x[:,4]**(-2)*x[:,9]**(-3)*x[:,18]**(2)*x[:,20]**(2)*x[:,22]*x[:,23]**(-2)*x[:,24]**(3)) + 219340.68080471587*np.tanh(x[:,23]**(-1)) + -8665.313482395082*(x[:,4]**(-2)*x[:,20]**(2)*x[:,22]**(-1)) + -2.437795865355609e7*np.tanh(x[:,0]**(-2)*x[:,24]**(-3)) + -2.1897035482435694*sqrtAbs(x[:,12]**(3)*x[:,22]*x[:,23]**(-1)) + -1994.451755402775*np.cos(x[:,11]*x[:,13]*x[:,23]**(-2))"

"[Term Tanh (fromList [(5,3),(12,-2),(13,-1),(20,-1),(23,-3)]),Term SqrtAbs (fromList [(19,-2),(20,-1)]),Term Log (fromList [(14,-2),(22,-2),(23,3),(24,1)]),Term Exp (fromList [(2,-3),(4,3),(8,-2),(14,-2),(20,1),(21,2),(22,-3),(23,-2)]),Term Log (fromList [(0,-3),(2,-3),(9,2),(12,-3),(14,-3),(20,-3),(21,2),(22,-1),(23,3),(24,2)]),Term SqrtAbs (fromList [(0,-2),(2,-3),(4,3),(8,-2),(14,-2),(20,-2),(22,2),(23,3),(24,-1)]),Term Cos (fromList [(0,-2),(2,-3),(14,-2),(23,-2),(24,-1)]),Term Exp (fromList [(0,-2),(9,2),(12,-2),(14,-2),(20,-1),(21,2),(22,-1),(24,2)]),Term SqrtAbs (fromList [(0,-2),(12,-2),(14,-2),(20,-1),(22,2),(24,1)]),Term Exp (fromList [(23,-3)]),Term Id (fromList [(20,1),(22,-2)]),Term Tanh (fromList [(22,-2)]),Term Sin (fromList [(12,-2),(20,-1),(23,3)]),Term Log (fromList [(11,2),(13,-1),(15,-2),(23,3),(24,-3)]),Term Exp (fromList [(14,-2),(24,1)]),Term Log (fromList [(24,2)])]","[1.3256185877724281e13,1.3519599212053699e12,1297106.4512543255,858.4117290474474,-5.059928407467545e13,-16.382172263184092,58508.428487015386,3.733947739766593e13,6.563054388401953e9,1.7928604727696605e7,-2.9416381880154867e9,372776.06613740925,-5.522965831292688e7,8792.192214728791,-6121.381384252937,-556753.4839180723,-9696.691397177816]","1.3256185877724281e13 + 1.3519599212053699e12*np.tanh(x[:,5]**(3)*x[:,12]**(-2)*x[:,13]**(-1)*x[:,20]**(-1)*x[:,23]**(-3)) + 1297106.4512543255*sqrtAbs(x[:,19]**(-2)*x[:,20]**(-1)) + 858.4117290474474*np.log(x[:,14]**(-2)*x[:,22]**(-2)*x[:,23]**(3)*x[:,24]) + -5.059928407467545e13*np.exp(x[:,2]**(-3)*x[:,4]**(3)*x[:,8]**(-2)*x[:,14]**(-2)*x[:,20]*x[:,21]**(2)*x[:,22]**(-3)*x[:,23]**(-2)) + -16.382172263184092*np.log(x[:,0]**(-3)*x[:,2]**(-3)*x[:,9]**(2)*x[:,12]**(-3)*x[:,14]**(-3)*x[:,20]**(-3)*x[:,21]**(2)*x[:,22]**(-1)*x[:,23]**(3)*x[:,24]**(2)) + 58508.428487015386*sqrtAbs(x[:,0]**(-2)*x[:,2]**(-3)*x[:,4]**(3)*x[:,8]**(-2)*x[:,14]**(-2)*x[:,20]**(-2)*x[:,22]**(2)*x[:,23]**(3)*x[:,24]**(-1)) + 3.733947739766593e13*np.cos(x[:,0]**(-2)*x[:,2]**(-3)*x[:,14]**(-2)*x[:,23]**(-2)*x[:,24]**(-1)) + 6.563054388401953e9*np.exp(x[:,0]**(-2)*x[:,9]**(2)*x[:,12]**(-2)*x[:,14]**(-2)*x[:,20]**(-1)*x[:,21]**(2)*x[:,22]**(-1)*x[:,24]**(2)) + 1.7928604727696605e7*sqrtAbs(x[:,0]**(-2)*x[:,12]**(-2)*x[:,14]**(-2)*x[:,20]**(-1)*x[:,22]**(2)*x[:,24]) + -2.9416381880154867e9*np.exp(x[:,23]**(-3)) + 372776.06613740925*(x[:,20]*x[:,22]**(-2)) + -5.522965831292688e7*np.tanh(x[:,22]**(-2)) + 8792.192214728791*np.sin(x[:,12]**(-2)*x[:,20]**(-1)*x[:,23]**(3)) + -6121.381384252937*np.log(x[:,11]**(2)*x[:,13]**(-1)*x[:,15]**(-2)*x[:,23]**(3)*x[:,24]**(-3)) + -556753.4839180723*np.exp(x[:,14]**(-2)*x[:,24]) + -9696.691397177816*np.log(x[:,24]**(2))"

"[Term Tanh (fromList [(14,-2),(22,-3),(23,2)]),Term Id (fromList [(0,2),(15,-1),(22,-2),(24,-2)]),Term Log (fromList [(11,1),(12,3),(13,3),(15,2),(19,-1),(23,2)]),Term Cos (fromList [(0,-1),(13,3),(15,-3),(19,-1),(21,-1),(22,-3),(23,2),(24,3)]),Term Id (fromList [(22,-3)]),Term Log (fromList [(0,3),(12,3),(13,3),(15,3),(19,-1),(20,-2),(21,-1),(22,3),(23,3),(24,2)]),Term Id (fromList [(15,2),(19,-1),(20,-2),(24,-2)]),Term Log (fromList [(0,2),(13,3),(15,2),(22,3),(23,2),(24,3)]),Term SqrtAbs (fromList [(0,1),(5,3),(6,2),(9,1),(21,-3),(23,1)]),Term Log (fromList [(0,1),(11,1),(13,-3),(24,-3)]),Term Log (fromList [(13,3),(15,2),(19,-1),(22,3),(23,2),(24,-3)]),Term Tanh (fromList [(0,1),(13,-3),(20,-2),(23,3)]),Term Log (fromList [(22,3)]),Term Cos (fromList [(24,-1)]),Term Tanh (fromList [(15,-1),(22,-2)]),Term Sin (fromList [(5,3),(23,-3)])]","[-2.117529961942779e7,7.29897134858758e8,2.0473712586512927e7,-5872.416917545666,2.145464983464197e7,4.50824523062654e9,80.99124142587996,-8285750.770147131,689.4165808957666,-4.409362657136887e-3,-3170.9480451914733,3984.812563986381,857884.5430315698,-8003.690567951215,-104573.259584426,-1.722574054473317e10,2827.3271025053773]","-2.117529961942779e7 + 7.29897134858758e8*np.tanh(x[:,14]**(-2)*x[:,22]**(-3)*x[:,23]**(2)) + 2.0473712586512927e7*(x[:,0]**(2)*x[:,15]**(-1)*x[:,22]**(-2)*x[:,24]**(-2)) + -5872.416917545666*np.log(x[:,11]*x[:,12]**(3)*x[:,13]**(3)*x[:,15]**(2)*x[:,19]**(-1)*x[:,23]**(2)) + 2.145464983464197e7*np.cos(x[:,0]**(-1)*x[:,13]**(3)*x[:,15]**(-3)*x[:,19]**(-1)*x[:,21]**(-1)*x[:,22]**(-3)*x[:,23]**(2)*x[:,24]**(3)) + 4.50824523062654e9*(x[:,22]**(-3)) + 80.99124142587996*np.log(x[:,0]**(3)*x[:,12]**(3)*x[:,13]**(3)*x[:,15]**(3)*x[:,19]**(-1)*x[:,20]**(-2)*x[:,21]**(-1)*x[:,22]**(3)*x[:,23]**(3)*x[:,24]**(2)) + -8285750.770147131*(x[:,15]**(2)*x[:,19]**(-1)*x[:,20]**(-2)*x[:,24]**(-2)) + 689.4165808957666*np.log(x[:,0]**(2)*x[:,13]**(3)*x[:,15]**(2)*x[:,22]**(3)*x[:,23]**(2)*x[:,24]**(3)) + -4.409362657136887e-3*sqrtAbs(x[:,0]*x[:,5]**(3)*x[:,6]**(2)*x[:,9]*x[:,21]**(-3)*x[:,23]) + -3170.9480451914733*np.log(x[:,0]*x[:,11]*x[:,13]**(-3)*x[:,24]**(-3)) + 3984.812563986381*np.log(x[:,13]**(3)*x[:,15]**(2)*x[:,19]**(-1)*x[:,22]**(3)*x[:,23]**(2)*x[:,24]**(-3)) + 857884.5430315698*np.tanh(x[:,0]*x[:,13]**(-3)*x[:,20]**(-2)*x[:,23]**(3)) + -8003.690567951215*np.log(x[:,22]**(3)) + -104573.259584426*np.cos(x[:,24]**(-1)) + -1.722574054473317e10*np.tanh(x[:,15]**(-1)*x[:,22]**(-2)) + 2827.3271025053773*np.sin(x[:,5]**(3)*x[:,23]**(-3))"

"[Term Id (fromList [(5,3),(11,-1),(20,-1),(23,-1)]),Term SqrtAbs (fromList [(3,-2),(8,2),(14,-1),(24,3)]),Term Log (fromList [(2,-1),(21,3),(22,-1),(24,-2)]),Term Exp (fromList [(22,-1)]),Term Exp (fromList [(0,1),(11,-1),(20,-1),(22,-1),(24,-1)]),Term SqrtAbs (fromList [(4,3),(12,-2),(22,-1),(24,-3)]),Term Id (fromList [(24,-3)]),Term Id (fromList [(3,-2),(5,2),(8,3),(21,1),(22,-3),(23,-1)]),Term Tanh (fromList [(5,2),(22,-2),(23,-1)]),Term Id (fromList [(9,-1),(21,-3),(22,2)]),Term Exp (fromList [(24,-2)]),Term Log (fromList [(11,-1),(20,-1)]),Term Id (fromList [(21,-3)]),Term Log (fromList [(24,2)]),Term SqrtAbs (fromList [(20,-3)]),Term Exp (fromList [(0,-2),(14,1),(20,-2)])]","[-5.762203902140869e8,827.1089020870195,-12.97358489391956,-63.59001848050358,-342743.52162115707,5.3422648845062125e8,41562.33181666013,58683.9074291097,7.058504379172384,139290.2203297024,1462.73125846404,-56541.441615122916,21375.089384387466,-1.1105336437968556e7,305.8028294166437,-2.4956926424705066e7,4.262428880172215e7]","-5.762203902140869e8 + 827.1089020870195*(x[:,5]**(3)*x[:,11]**(-1)*x[:,20]**(-1)*x[:,23]**(-1)) + -12.97358489391956*sqrtAbs(x[:,3]**(-2)*x[:,8]**(2)*x[:,14]**(-1)*x[:,24]**(3)) + -63.59001848050358*np.log(x[:,2]**(-1)*x[:,21]**(3)*x[:,22]**(-1)*x[:,24]**(-2)) + -342743.52162115707*np.exp(x[:,22]**(-1)) + 5.3422648845062125e8*np.exp(x[:,0]*x[:,11]**(-1)*x[:,20]**(-1)*x[:,22]**(-1)*x[:,24]**(-1)) + 41562.33181666013*sqrtAbs(x[:,4]**(3)*x[:,12]**(-2)*x[:,22]**(-1)*x[:,24]**(-3)) + 58683.9074291097*(x[:,24]**(-3)) + 7.058504379172384*(x[:,3]**(-2)*x[:,5]**(2)*x[:,8]**(3)*x[:,21]*x[:,22]**(-3)*x[:,23]**(-1)) + 139290.2203297024*np.tanh(x[:,5]**(2)*x[:,22]**(-2)*x[:,23]**(-1)) + 1462.73125846404*(x[:,9]**(-1)*x[:,21]**(-3)*x[:,22]**(2)) + -56541.441615122916*np.exp(x[:,24]**(-2)) + 21375.089384387466*np.log(x[:,11]**(-1)*x[:,20]**(-1)) + -1.1105336437968556e7*(x[:,21]**(-3)) + 305.8028294166437*np.log(x[:,24]**(2)) + -2.4956926424705066e7*sqrtAbs(x[:,20]**(-3)) + 4.262428880172215e7*np.exp(x[:,0]**(-2)*x[:,14]*x[:,20]**(-2))"

"[Term SqrtAbs (fromList [(3,-1),(23,3)]),Term Log (fromList [(22,1),(23,-2)]),Term Exp (fromList [(3,-1),(23,-2)]),Term Log (fromList [(14,-1),(22,1)]),Term Id (fromList [(0,1),(5,2),(7,1),(11,3),(22,-2),(23,-2),(24,-2)]),Term Log (fromList [(2,-2),(12,3),(20,-1),(22,-2)]),Term Id (fromList [(5,2),(23,-2),(24,1)]),Term Log (fromList [(0,1),(11,2),(15,-2),(20,-1),(22,-1),(23,2),(24,-3)]),Term Id (fromList [(20,-2)]),Term Log (fromList [(0,1),(11,2),(15,-2),(20,-1),(22,-2),(24,2)]),Term Tanh (fromList [(6,1),(22,-1)]),Term SqrtAbs (fromList [(11,3),(24,3)]),Term Tanh (fromList [(20,-1)]),Term SqrtAbs (fromList [(24,3)]),Term Id (fromList [(22,1)]),Term Tanh (fromList [(0,1),(22,-2)])]","[-2.797435986081586e8,-3.8524758772411922,-3922.7914480361937,2.7963947202914697e8,840.5470795275891,0.3863920623458211,-2668.1517954226974,144.07520886341464,-1695.5094739250642,-8.252500638569174e8,-2369.2894823445004,-8038.77745937873,-4.777299177555737e-2,1.3752902202735772e7,90.75645709205007,-80.29728637815732,549290.025965511]","-2.797435986081586e8 + -3.8524758772411922*sqrtAbs(x[:,3]**(-1)*x[:,23]**(3)) + -3922.7914480361937*np.log(x[:,22]*x[:,23]**(-2)) + 2.7963947202914697e8*np.exp(x[:,3]**(-1)*x[:,23]**(-2)) + 840.5470795275891*np.log(x[:,14]**(-1)*x[:,22]) + 0.3863920623458211*(x[:,0]*x[:,5]**(2)*x[:,7]*x[:,11]**(3)*x[:,22]**(-2)*x[:,23]**(-2)*x[:,24]**(-2)) + -2668.1517954226974*np.log(x[:,2]**(-2)*x[:,12]**(3)*x[:,20]**(-1)*x[:,22]**(-2)) + 144.07520886341464*(x[:,5]**(2)*x[:,23]**(-2)*x[:,24]) + -1695.5094739250642*np.log(x[:,0]*x[:,11]**(2)*x[:,15]**(-2)*x[:,20]**(-1)*x[:,22]**(-1)*x[:,23]**(2)*x[:,24]**(-3)) + -8.252500638569174e8*(x[:,20]**(-2)) + -2369.2894823445004*np.log(x[:,0]*x[:,11]**(2)*x[:,15]**(-2)*x[:,20]**(-1)*x[:,22]**(-2)*x[:,24]**(2)) + -8038.77745937873*np.tanh(x[:,6]*x[:,22]**(-1)) + -4.777299177555737e-2*sqrtAbs(x[:,11]**(3)*x[:,24]**(3)) + 1.3752902202735772e7*np.tanh(x[:,20]**(-1)) + 90.75645709205007*sqrtAbs(x[:,24]**(3)) + -80.29728637815732*(x[:,22]) + 549290.025965511*np.tanh(x[:,0]*x[:,22]**(-2))"

"[Term Sin (fromList [(4,-2),(11,1),(19,-2),(22,3),(24,-2)]),Term Sin (fromList [(13,1),(24,-1)]),Term SqrtAbs (fromList [(12,2),(15,-3),(22,1)]),Term Tanh (fromList [(15,-2),(23,-1)]),Term Log (fromList [(2,-3),(10,3),(13,2),(22,-2),(23,-3),(24,3)]),Term Log (fromList [(5,-2),(12,3),(15,-2),(22,-2),(23,-1),(24,-1)]),Term Sin (fromList [(12,2),(13,2),(15,-3),(22,-3)]),Term Sin (fromList [(4,-2),(19,-2)]),Term Id (fromList [(24,3)]),Term Sin (fromList [(0,-3),(2,-2),(3,1),(19,-2),(22,-1),(23,3),(24,-2)]),Term Cos (fromList [(22,-1)]),Term Id (fromList [(10,3),(23,-2)]),Term Tanh (fromList [(0,2),(5,-2),(15,-2),(24,-1)]),Term SqrtAbs (fromList [(0,-3),(2,-2),(19,1),(23,3),(24,-1)]),Term Log (fromList [(22,1)]),Term SqrtAbs (fromList [(11,1),(22,3)])]","[1.979144320200628e8,-5240.194758257823,-6.041986884059606,-8220.917184297638,7.572935091802519e9,-360.8470364788011,-1324.1108111549681,2494796.0350656295,-1.243318129042706e10,-8.91498296785509e-3,-4.032760254240577e10,-1.9823277793521714e8,3.0489829865390318e-2,3.27137488811092e8,2011.6681440181007,68747.46419521648,-2.333340420668982]","1.979144320200628e8 + -5240.194758257823*np.sin(x[:,4]**(-2)*x[:,11]*x[:,19]**(-2)*x[:,22]**(3)*x[:,24]**(-2)) + -6.041986884059606*np.sin(x[:,13]*x[:,24]**(-1)) + -8220.917184297638*sqrtAbs(x[:,12]**(2)*x[:,15]**(-3)*x[:,22]) + 7.572935091802519e9*np.tanh(x[:,15]**(-2)*x[:,23]**(-1)) + -360.8470364788011*np.log(x[:,2]**(-3)*x[:,10]**(3)*x[:,13]**(2)*x[:,22]**(-2)*x[:,23]**(-3)*x[:,24]**(3)) + -1324.1108111549681*np.log(x[:,5]**(-2)*x[:,12]**(3)*x[:,15]**(-2)*x[:,22]**(-2)*x[:,23]**(-1)*x[:,24]**(-1)) + 2494796.0350656295*np.sin(x[:,12]**(2)*x[:,13]**(2)*x[:,15]**(-3)*x[:,22]**(-3)) + -1.243318129042706e10*np.sin(x[:,4]**(-2)*x[:,19]**(-2)) + -8.91498296785509e-3*(x[:,24]**(3)) + -4.032760254240577e10*np.sin(x[:,0]**(-3)*x[:,2]**(-2)*x[:,3]*x[:,19]**(-2)*x[:,22]**(-1)*x[:,23]**(3)*x[:,24]**(-2)) + -1.9823277793521714e8*np.cos(x[:,22]**(-1)) + 3.0489829865390318e-2*(x[:,10]**(3)*x[:,23]**(-2)) + 3.27137488811092e8*np.tanh(x[:,0]**(2)*x[:,5]**(-2)*x[:,15]**(-2)*x[:,24]**(-1)) + 2011.6681440181007*sqrtAbs(x[:,0]**(-3)*x[:,2]**(-2)*x[:,19]*x[:,23]**(3)*x[:,24]**(-1)) + 68747.46419521648*np.log(x[:,22]) + -2.333340420668982*sqrtAbs(x[:,11]*x[:,22]**(3))"

"[Term Log (fromList [(0,2),(5,1),(11,2),(12,-3),(15,3),(22,-3),(23,1),(24,3)]),Term Log (fromList [(0,2),(5,1),(11,2),(15,2),(20,2),(22,-2),(23,1),(24,3)]),Term Log (fromList [(12,-3),(15,2),(19,-2),(22,-3),(24,-3)]),Term Log (fromList [(12,-3),(15,2),(22,-1),(24,2)]),Term SqrtAbs (fromList [(5,3),(15,2),(19,-1),(23,-3)]),Term Exp (fromList [(20,-3)]),Term Cos (fromList [(3,-3),(22,3),(23,-2)]),Term Sin (fromList [(22,1)]),Term SqrtAbs (fromList [(10,-2),(24,1)]),Term Tanh (fromList [(12,-3),(15,2),(24,-3)]),Term SqrtAbs (fromList [(0,2),(22,-1),(24,-2)]),Term Sin (fromList [(0,2),(5,1),(15,2),(22,-2),(24,2)]),Term Sin (fromList [(5,-1),(11,1),(23,-1),(24,1)]),Term SqrtAbs (fromList [(2,2),(19,-1)]),Term Cos (fromList [(22,-1)]),Term Exp (fromList [(0,2),(5,-2),(19,-1),(22,-2),(23,-3),(24,2)])]","[-3.0930328831117066e13,3084.1437406357145,-4248.62847395497,-282.8598916640266,2390.0385341384817,82.01419236835147,-8.509537791444185e9,-5442781.450112737,-7.851583670822005,165083.5829836248,-6200699.417001365,3264.341604902729,-1.1735651476786162,-12706.247675781535,277.1890769520757,2.9925019951593764e7,3.0938814019861777e13]","-3.0930328831117066e13 + 3084.1437406357145*np.log(x[:,0]**(2)*x[:,5]*x[:,11]**(2)*x[:,12]**(-3)*x[:,15]**(3)*x[:,22]**(-3)*x[:,23]*x[:,24]**(3)) + -4248.62847395497*np.log(x[:,0]**(2)*x[:,5]*x[:,11]**(2)*x[:,15]**(2)*x[:,20]**(2)*x[:,22]**(-2)*x[:,23]*x[:,24]**(3)) + -282.8598916640266*np.log(x[:,12]**(-3)*x[:,15]**(2)*x[:,19]**(-2)*x[:,22]**(-3)*x[:,24]**(-3)) + 2390.0385341384817*np.log(x[:,12]**(-3)*x[:,15]**(2)*x[:,22]**(-1)*x[:,24]**(2)) + 82.01419236835147*sqrtAbs(x[:,5]**(3)*x[:,15]**(2)*x[:,19]**(-1)*x[:,23]**(-3)) + -8.509537791444185e9*np.exp(x[:,20]**(-3)) + -5442781.450112737*np.cos(x[:,3]**(-3)*x[:,22]**(3)*x[:,23]**(-2)) + -7.851583670822005*np.sin(x[:,22]) + 165083.5829836248*sqrtAbs(x[:,10]**(-2)*x[:,24]) + -6200699.417001365*np.tanh(x[:,12]**(-3)*x[:,15]**(2)*x[:,24]**(-3)) + 3264.341604902729*sqrtAbs(x[:,0]**(2)*x[:,22]**(-1)*x[:,24]**(-2)) + -1.1735651476786162*np.sin(x[:,0]**(2)*x[:,5]*x[:,15]**(2)*x[:,22]**(-2)*x[:,24]**(2)) + -12706.247675781535*np.sin(x[:,5]**(-1)*x[:,11]*x[:,23]**(-1)*x[:,24]) + 277.1890769520757*sqrtAbs(x[:,2]**(2)*x[:,19]**(-1)) + 2.9925019951593764e7*np.cos(x[:,22]**(-1)) + 3.0938814019861777e13*np.exp(x[:,0]**(2)*x[:,5]**(-2)*x[:,19]**(-1)*x[:,22]**(-2)*x[:,23]**(-3)*x[:,24]**(2))"

"[Term Tanh (fromList [(24,-2)]),Term Sin (fromList [(11,2),(15,-3),(20,-1),(23,-1),(24,3)]),Term Log (fromList [(5,-2),(6,1),(11,-3),(12,-2),(15,-3),(20,-3),(22,-1),(23,2),(24,-2)]),Term Sin (fromList [(22,1)]),Term Sin (fromList [(1,-3),(13,-2),(24,-3)]),Term Id (fromList [(22,-1)]),Term Log (fromList [(11,-3),(12,-2),(23,3),(24,1)]),Term Log (fromList [(13,-2),(21,3),(24,-3)]),Term SqrtAbs (fromList [(23,-1),(24,3)]),Term SqrtAbs (fromList [(2,2),(4,-3),(13,1),(22,2),(24,-1)]),Term Log (fromList [(0,-2),(5,-2),(20,-3),(22,-3),(24,3)]),Term Id (fromList [(2,2),(20,-3)]),Term Id (fromList [(0,-2),(5,-2),(6,1),(20,-3),(22,3),(23,2)]),Term Log (fromList [(23,3)]),Term SqrtAbs (fromList [(0,-2),(20,-3),(24,-3)]),Term Log (fromList [(24,3)])]","[81893.93711234655,17530.060358673432,-168019.2324641142,-1998.6023452419795,-6.712670106212492,8.379046117404926e11,-23440.41698816789,6796.43246920537,-5.915036316246091,349.75020346026685,-10.658473203790905,616.9283117095545,376511.62626486376,3655.319282885147,-5814.102711765216,-7.427898557761878e8,-4905.051383195855]","81893.93711234655 + 17530.060358673432*np.tanh(x[:,24]**(-2)) + -168019.2324641142*np.sin(x[:,11]**(2)*x[:,15]**(-3)*x[:,20]**(-1)*x[:,23]**(-1)*x[:,24]**(3)) + -1998.6023452419795*np.log(x[:,5]**(-2)*x[:,6]*x[:,11]**(-3)*x[:,12]**(-2)*x[:,15]**(-3)*x[:,20]**(-3)*x[:,22]**(-1)*x[:,23]**(2)*x[:,24]**(-2)) + -6.712670106212492*np.sin(x[:,22]) + 8.379046117404926e11*np.sin(x[:,1]**(-3)*x[:,13]**(-2)*x[:,24]**(-3)) + -23440.41698816789*(x[:,22]**(-1)) + 6796.43246920537*np.log(x[:,11]**(-3)*x[:,12]**(-2)*x[:,23]**(3)*x[:,24]) + -5.915036316246091*np.log(x[:,13]**(-2)*x[:,21]**(3)*x[:,24]**(-3)) + 349.75020346026685*sqrtAbs(x[:,23]**(-1)*x[:,24]**(3)) + -10.658473203790905*sqrtAbs(x[:,2]**(2)*x[:,4]**(-3)*x[:,13]*x[:,22]**(2)*x[:,24]**(-1)) + 616.9283117095545*np.log(x[:,0]**(-2)*x[:,5]**(-2)*x[:,20]**(-3)*x[:,22]**(-3)*x[:,24]**(3)) + 376511.62626486376*(x[:,2]**(2)*x[:,20]**(-3)) + 3655.319282885147*(x[:,0]**(-2)*x[:,5]**(-2)*x[:,6]*x[:,20]**(-3)*x[:,22]**(3)*x[:,23]**(2)) + -5814.102711765216*np.log(x[:,23]**(3)) + -7.427898557761878e8*sqrtAbs(x[:,0]**(-2)*x[:,20]**(-3)*x[:,24]**(-3)) + -4905.051383195855*np.log(x[:,24]**(3))"

"[Term Exp (fromList [(0,3),(2,3),(20,-2),(22,-3)]),Term Cos (fromList [(0,3),(20,-2)]),Term Sin (fromList [(21,-3)]),Term Log (fromList [(0,-2),(5,1),(14,-1),(15,2),(20,-3),(22,3),(23,-3),(24,-3)]),Term Id (fromList [(2,3),(5,3),(20,-2),(22,-3),(23,-2)]),Term Log (fromList [(0,3),(5,1),(7,-2),(12,2),(15,2),(20,-2),(22,2),(24,3)]),Term SqrtAbs (fromList [(11,2),(13,-1),(15,2),(20,-3),(24,-3)]),Term SqrtAbs (fromList [(0,-2),(5,1),(15,3),(22,3)]),Term Exp (fromList [(0,-3),(5,2),(19,-1),(22,1),(24,-3)]),Term SqrtAbs (fromList [(11,2),(15,2),(20,-2),(24,-3)]),Term SqrtAbs (fromList [(24,2)]),Term SqrtAbs (fromList [(4,-2),(13,-1),(20,-3)]),Term SqrtAbs (fromList [(0,3),(5,1),(12,2),(22,2),(23,-3),(24,3)]),Term Log (fromList [(22,2)]),Term SqrtAbs (fromList [(12,2),(22,1)]),Term SqrtAbs (fromList [(24,1)])]","[159339.13197390377,6.300905246137119e-2,-110.52245273706735,513878.74501196796,68.39335711268241,66355.31845914823,366.678543617237,-72210.81441675464,4.912343859440531e-3,-193857.748757661,543.9438578366023,-90.45911082573609,-9.587104814400637e8,1.725746843541599e-4,5160.538932229292,-16.34018624771595,513.8575719075922]","159339.13197390377 + 6.300905246137119e-2*np.exp(x[:,0]**(3)*x[:,2]**(3)*x[:,20]**(-2)*x[:,22]**(-3)) + -110.52245273706735*np.cos(x[:,0]**(3)*x[:,20]**(-2)) + 513878.74501196796*np.sin(x[:,21]**(-3)) + 68.39335711268241*np.log(x[:,0]**(-2)*x[:,5]*x[:,14]**(-1)*x[:,15]**(2)*x[:,20]**(-3)*x[:,22]**(3)*x[:,23]**(-3)*x[:,24]**(-3)) + 66355.31845914823*(x[:,2]**(3)*x[:,5]**(3)*x[:,20]**(-2)*x[:,22]**(-3)*x[:,23]**(-2)) + 366.678543617237*np.log(x[:,0]**(3)*x[:,5]*x[:,7]**(-2)*x[:,12]**(2)*x[:,15]**(2)*x[:,20]**(-2)*x[:,22]**(2)*x[:,24]**(3)) + -72210.81441675464*sqrtAbs(x[:,11]**(2)*x[:,13]**(-1)*x[:,15]**(2)*x[:,20]**(-3)*x[:,24]**(-3)) + 4.912343859440531e-3*sqrtAbs(x[:,0]**(-2)*x[:,5]*x[:,15]**(3)*x[:,22]**(3)) + -193857.748757661*np.exp(x[:,0]**(-3)*x[:,5]**(2)*x[:,19]**(-1)*x[:,22]*x[:,24]**(-3)) + 543.9438578366023*sqrtAbs(x[:,11]**(2)*x[:,15]**(2)*x[:,20]**(-2)*x[:,24]**(-3)) + -90.45911082573609*sqrtAbs(x[:,24]**(2)) + -9.587104814400637e8*sqrtAbs(x[:,4]**(-2)*x[:,13]**(-1)*x[:,20]**(-3)) + 1.725746843541599e-4*sqrtAbs(x[:,0]**(3)*x[:,5]*x[:,12]**(2)*x[:,22]**(2)*x[:,23]**(-3)*x[:,24]**(3)) + 5160.538932229292*np.log(x[:,22]**(2)) + -16.34018624771595*sqrtAbs(x[:,12]**(2)*x[:,22]) + 513.8575719075922*sqrtAbs(x[:,24])"
